"","text"
"1.content","HillaryClinton Enough  Enough wUr HillaryLies Insulted Millions AmericansClintonCorruptFoundationrealDonaldTrump TRUMP  POTUS"
"2.content","RT DanScavino RealBenCarson speaks  New Hampshire amp introduces  next POTUS realDonaldTrump TrumpTrain MAGA USAhttpstco"
"3.content","Hillary sez RT affinity  LSE scoundrels like Farage indicts Putin Real culprits  oligarchs Weaken Putin amp POTUS  "
"4.content","Lets get going dammit They  laser   eyes everydayU need  fathom betteramphave  better barometer potus MichelleObama  joebiden"
"5.content","RT DanScavino RealBenCarson speaks  New Hampshire amp introduces  next POTUS realDonaldTrump TrumpTrain MAGA USAhttpstco"
"6.content","RT pastormarkburns On TrumpForceOne last night   next POTUS realDonaldTrump With DanScavino amp Steve TrumpTrain httpst"
"7.content","RT DanScavino RealBenCarson speaks  New Hampshire amp introduces  next POTUS realDonaldTrump TrumpTrain MAGA USAhttpstco"
"8.content","RT pastormarkburns On TrumpForceOne last night   next POTUS realDonaldTrump With DanScavino amp Steve TrumpTrain httpst"
"9.content","RT pastormarkburns On TrumpForceOne last night   next POTUS realDonaldTrump With DanScavino amp Steve TrumpTrain httpst"
"10.content","RT pastormarkburns On TrumpForceOne last night   next POTUS realDonaldTrump With DanScavino amp Steve TrumpTrain httpst"
"11.content","RT pastormarkburns On TrumpForceOne last night   next POTUS realDonaldTrump With DanScavino amp Steve TrumpTrain httpst"
"12.content","The first MarxistMuslim POTUS  easy  spot Who voted   guy Enlist gt httpstcoGjZHkJKEhttpstcouwRevksGw"
"13.content","All  ask   foxnews   fair shakeI WAS HUGE SENTEDCRUZ SUPPORTERST HISPANIC AMERICAN TO EVER WIN POTUS PRIMARYFU SHEP"
"14.content","JeffersonObama  healthiest man ever elect   POTUS   Wow realDonaldTrump DishonestDonald MedicalMarvel httpstcoeUCWBlc"
"15.content","The MarxistMuslim POTUS  leading America  ruin Enlist amp fight back  httpstcoitkVSiPIW Stand  nowhttpstcowgZdkb"
"16.content","RT DanScavino RealBenCarson speaks  New Hampshire amp introduces  next POTUS realDonaldTrump TrumpTrain MAGA USAhttpstco"
"17.content","RT DanScavino RealBenCarson speaks  New Hampshire amp introduces  next POTUS realDonaldTrump TrumpTrain MAGA USAhttpstco"
"18.content","RT librarycongress New online POTUS Zachary Taylor joins  collections  presidential papers httpstcolFJXUbotd httpstcojf"
"19.content","rogerkinkaid OK I never watch CNN  I will make  exception    next POTUS will  interviewed"
"20.content","RT inabster Hillarys Mystery Illness Exposed  Episodes Add Up To  DIRE Diagnosis Unfit  POTUS httpstcoqFhdVagD httpst"
"21.content","RT DanScavino RealBenCarson speaks  New Hampshire amp introduces  next POTUS realDonaldTrump TrumpTrain MAGA USAhttpstco"
"22.content","neiltyson  President  POTUS We need someone   analytical enough  break  problem    core MychoicePOTUS"
"23.content","RT inabster What DNC  hiding Unfit   POTUS HillaryHealth HillaryMedicalRecords NeverHillary HillaryClinton httpstcoVkgcB"
"24.content","RT pastormarkburns On TrumpForceOne last night   next POTUS realDonaldTrump With DanScavino amp Steve TrumpTrain httpst"
"25.content","While Sec Clinton    Situation Room  POTUS killing Bin Laden   birther realDonaldTrump httpstcoZQTCQyghp"
"26.content","RT DanScavino RealBenCarson speaks  New Hampshire amp introduces  next POTUS realDonaldTrump TrumpTrain MAGA USAhttpstco"
"27.content","RT pastormarkburns On TrumpForceOne last night   next POTUS realDonaldTrump With DanScavino amp Steve TrumpTrain httpst"
"28.content","RT DanScavino RealBenCarson speaks  New Hampshire amp introduces  next POTUS realDonaldTrump TrumpTrain MAGA USAhttpstco"
"29.content","RT pastormarkburns On TrumpForceOne last night   next POTUS realDonaldTrump With DanScavino amp Steve TrumpTrain httpst"
"30.content","RT POPSUGAR President Obama definitely   way  kids POTUShttpstcoArtlOuV httpstcoxHwNzMFDtv"
"31.content","realDonaldTrump Clinton POTUS Polk  pressured  Democrats  Irish Famine victims  Migrants httpstcotLuWtGp MAGA"
"32.content","RT pastormarkburns On TrumpForceOne last night   next POTUS realDonaldTrump With DanScavino amp Steve TrumpTrain httpst"
"33.content","RT pastormarkburns On TrumpForceOne last night   next POTUS realDonaldTrump With DanScavino amp Steve TrumpTrain httpst"
"34.content","RT DanScavino RealBenCarson speaks  New Hampshire amp introduces  next POTUS realDonaldTrump TrumpTrain MAGA USAhttpstco"
"35.content","RT pastormarkburns On TrumpForceOne last night   next POTUS realDonaldTrump With DanScavino amp Steve TrumpTrain httpst"
"36.content","RT DanScavino RealBenCarson speaks  New Hampshire amp introduces  next POTUS realDonaldTrump TrumpTrain MAGA USAhttpstco"
"37.content","RT pastormarkburns On TrumpForceOne last night   next POTUS realDonaldTrump With DanScavino amp Steve TrumpTrain httpst"
"38.content","RT RealDJTrumpTeam There   one way  end  corruption   country Elect Donald John Trump     next POTUShttp"
"39.content","RT DanScavino RealBenCarson speaks  New Hampshire amp introduces  next POTUS realDonaldTrump TrumpTrain MAGA USAhttpstco"
"40.content","RT DanScavino RealBenCarson speaks  New Hampshire amp introduces  next POTUS realDonaldTrump TrumpTrain MAGA USAhttpstco"
"41.content","RT pastormarkburns On TrumpForceOne last night   next POTUS realDonaldTrump With DanScavino amp Steve TrumpTrain httpst"
"42.content","RT DanScavino RealBenCarson speaks  New Hampshire amp introduces  next POTUS realDonaldTrump TrumpTrain MAGA USAhttpstco"
"43.content","RT DanScavino RealBenCarson speaks  New Hampshire amp introduces  next POTUS realDonaldTrump TrumpTrain MAGA USAhttpstco"
"44.content","RT DanScavino RealBenCarson speaks  New Hampshire amp introduces  next POTUS realDonaldTrump TrumpTrain MAGA USAhttpstco"
"45.content","RT DanScavino RealBenCarson speaks  New Hampshire amp introduces  next POTUS realDonaldTrump TrumpTrain MAGA USAhttpstco"
"46.content","RT davidmeroney Scampi grammac realDonaldTrump good  POTUS   zero ties  extremism"
"47.content","RT pastormarkburns On TrumpForceOne last night   next POTUS realDonaldTrump With DanScavino amp Steve TrumpTrain httpst"
"48.content","RT RealScottErnst If HillaryClinton  elected POTUS I will lead  revolution  overthrow  dictatorship  She will NEVER rule "
"49.content","RealJamesWoods How can anyone Vote   Its mind blowing Clinton   AntiAmerican  POTUS Imagine  TrueStory"
"50.content","Scampi grammac realDonaldTrump good  POTUS   zero ties  extremism"
"51.content","TRUMP Poll numbers  starting  look  good Leading  Florida   numbers rising Hillary potus"
"52.content","HouseGOP     job first like vote  POTUS  fundZika  maybe  jobs bill yall  pathetic   party youmadeTrump"
"53.content","RT DanScavino RealBenCarson speaks  New Hampshire amp introduces  next POTUS realDonaldTrump TrumpTrain MAGA USAhttpstco"
"54.content","RT DanScavino RealBenCarson speaks  New Hampshire amp introduces  next POTUS realDonaldTrump TrumpTrain MAGA USAhttpstco"
"55.content","RT mpbarone AltRightMeans WE   ones electing  next POTUS realDonaldTrump MAGA httpstcoTCDFvtJe"
"56.content","RT DanScavino RealBenCarson speaks  New Hampshire amp introduces  next POTUS realDonaldTrump TrumpTrain MAGA USAhttpstco"
"57.content","RT DanScavino RealBenCarson speaks  New Hampshire amp introduces  next POTUS realDonaldTrump TrumpTrain MAGA USAhttpstco"
"58.content","RT DanScavino RealBenCarson speaks  New Hampshire amp introduces  next POTUS realDonaldTrump TrumpTrain MAGA USAhttpstco"
"59.content","AltRightMeans WE   ones electing  next POTUS realDonaldTrump MAGA httpstcoTCDFvtJe"
"60.content","RT OmidEsperanz ⁄ØŸÜÿßŸá ŸÖÿß ⁄ÜŸá ÿ®ŸàÿØ  Syrian children POTUS EU USA What   sinCu√°l fue nuestro pecado  CNN ÿ™Ÿáÿ±ÿßŸÜÿß€åÿ±ÿßŸÜ htt"
"61.content","RT pastormarkburns On TrumpForceOne last night   next POTUS realDonaldTrump With DanScavino amp Steve TrumpTrain httpst"
"62.content","⁄ØŸÜÿßŸá ŸÖÿß ⁄ÜŸá ÿ®ŸàÿØ  Syrian children POTUS EU USA What   sinCu√°l fue nuestro pecado  CNN ÿ™Ÿáÿ±ÿßŸÜÿß€åÿ±ÿßŸÜ httpstcoxHNNLPMqwe"
"63.content","RT pastormarkburns On TrumpForceOne last night   next POTUS realDonaldTrump With DanScavino amp Steve TrumpTrain httpst"
"64.content","HillaryClinton realDonaldTrump   Did  Democrats pressure POTUS James Polk  Irish Famine emigrants MAGA httpstcotLuWtGp"
"65.content","RT pastormarkburns On TrumpForceOne last night   next POTUS realDonaldTrump With DanScavino amp Steve TrumpTrain httpst"
"66.content","RT pastormarkburns On TrumpForceOne last night   next POTUS realDonaldTrump With DanScavino amp Steve TrumpTrain httpst"
"67.content","RT pastormarkburns On TrumpForceOne last night   next POTUS realDonaldTrump With DanScavino amp Steve TrumpTrain httpst"
"68.content","RT pastormarkburns On TrumpForceOne last night   next POTUS realDonaldTrump With DanScavino amp Steve TrumpTrain httpst"
"69.content","TRUMP So many   AfricanAmerican community    badlyI will fix  promise Hillary potus"
"70.content","RT DanScavino RealBenCarson speaks  New Hampshire amp introduces  next POTUS realDonaldTrump TrumpTrain MAGA USAhttpstco"
"71.content","RT DanScavino RealBenCarson speaks  New Hampshire amp introduces  next POTUS realDonaldTrump TrumpTrain MAGA USAhttpstco"
"72.content","RT RealDJTrumpTeam There   one way  end  corruption   country Elect Donald John Trump     next POTUShttp"
"73.content","RT DanScavino RealBenCarson speaks  New Hampshire amp introduces  next POTUS realDonaldTrump TrumpTrain MAGA USAhttpstco"
"74.content","RT iloveakqj RepTrey GowdySays HillaryClinton   Habitual Serial Liaramp Should Never Be POTUS  httpstcoahYUIlQm  https"
"75.content","RT DanScavino RealBenCarson speaks  New Hampshire amp introduces  next POTUS realDonaldTrump TrumpTrain MAGA USAhttpstco"
"76.content","RT pastormarkburns On TrumpForceOne last night   next POTUS realDonaldTrump With DanScavino amp Steve TrumpTrain httpst"
"77.content","RT andersonDrLJA NO COMPANY WOULD HIRE HILLARY AS THEIR CEO THEN WHY WOULD WE CHOOSE HER AS POTUS NeverHillary HillaryJail https"
"78.content","RT DanScavino RealBenCarson speaks  New Hampshire amp introduces  next POTUS realDonaldTrump TrumpTrain MAGA USAhttpstco"
"79.content","RT RealDJTrumpTeam There   one way  end  corruption   country Elect Donald John Trump     next POTUShttp"
"80.content","RT pastormarkburns On TrumpForceOne last night   next POTUS realDonaldTrump With DanScavino amp Steve TrumpTrain httpst"
"81.content","RT nendaas HillaryClinton needs help getting      car HillarysHealth getting worse   day unfit   POTUS httpst"
"82.content","RT DanScavino RealBenCarson speaks  New Hampshire amp introduces  next POTUS realDonaldTrump TrumpTrain MAGA USAhttpstco"
"83.content","HillaryInReno Trump  inspires amp endorsed  David duke klan Putin N Korea etc   potus StrongerTogether HillaryClinton"
"84.content","RT DanScavino RealBenCarson speaks  New Hampshire amp introduces  next POTUS realDonaldTrump TrumpTrain MAGA USAhttpstco"
"85.content","RT DanScavino RealBenCarson speaks  New Hampshire amp introduces  next POTUS realDonaldTrump TrumpTrain MAGA USAhttpstco"
"86.content","RT DanScavino RealBenCarson speaks  New Hampshire amp introduces  next POTUS realDonaldTrump TrumpTrain MAGA USAhttpstco"
"87.content","RT nanlupien What  great speech   future POTUS  imwithher HillaryClinton"
"88.content","RT DanScavino RealBenCarson speaks  New Hampshire amp introduces  next POTUS realDonaldTrump TrumpTrain MAGA USAhttpstco"
"89.content","Whichever candidate  POTUS  like    research httpstcoOMjubGpyi blog"
"90.content","Whichever candidate  POTUS  like    research httpstcopoNwQhfyP blog"
"91.content","IAmAmerica speedprayers   like weve    best yet  contend   POTUS  certainly Trump isnt  kind"
"92.content","RT nendaas HillaryClinton needs help getting      car HillarysHealth getting worse   day unfit   POTUS httpst"
"93.content","JOEBiden always threatening impeachment  Rs    boss POTUS  broken  law     Joe  silent HeyTammyBruce"
"94.content","RT pastormarkburns On TrumpForceOne last night   next POTUS realDonaldTrump With DanScavino amp Steve TrumpTrain httpst"
"95.content","RT DanScavino RealBenCarson speaks  New Hampshire amp introduces  next POTUS realDonaldTrump TrumpTrain MAGA USAhttpstco"
"96.content","RT DanScavino RealBenCarson speaks  New Hampshire amp introduces  next POTUS realDonaldTrump TrumpTrain MAGA USAhttpstco"
"97.content","Moderators  AskTheRobotQuestion  s POTUS candidates What   stance  workforce automation httpstcoSFKBIopn"
"98.content","RT DanScavino RealBenCarson speaks  New Hampshire amp introduces  next POTUS realDonaldTrump TrumpTrain MAGA USAhttpstco"
"99.content","RT pastormarkburns On TrumpForceOne last night   next POTUS realDonaldTrump With DanScavino amp Steve TrumpTrain httpst"
"100.content","The latest History Happenings  httpstcoyqtdJZLpU nps potus"
"101.content","What  great speech   future POTUS  imwithher HillaryClinton"
"102.content","Gloves  Im  proud   future POTUS HillaryClinton  calling  Trump   altright ImWithHer httpstcoUuiPdtBgo"
"103.content","RT DanScavino RealBenCarson speaks  New Hampshire amp introduces  next POTUS realDonaldTrump TrumpTrain MAGA USAhttpstco"
"104.content","Lessbig enoughmoreConfident enough  speak publiclyNormalization  Trumps behavior years  BLK POTUS httpstcoZqshiEeiK"
"105.content","RT pastormarkburns On TrumpForceOne last night   next POTUS realDonaldTrump With DanScavino amp Steve TrumpTrain httpst"
"106.content","RT andersonDrLJA NO COMPANY WOULD HIRE HILLARY AS THEIR CEO THEN WHY WOULD WE CHOOSE HER AS POTUS NeverHillary HillaryJail https"
"107.content","RT pastormarkburns On TrumpForceOne last night   next POTUS realDonaldTrump With DanScavino amp Steve TrumpTrain httpst"
"108.content","RT Cagsil Congress corruptSCOTUS corruptPOTUS corruptEPACDC corruptUSDAFDA corruptSECFTC corruptExpecting good results"
"109.content","RT pastormarkburns On TrumpForceOne last night   next POTUS realDonaldTrump With DanScavino amp Steve TrumpTrain httpst"
"110.content","This  nice  know  crap hits  fan  HillaryClinton gets elected POTUS httpstcoxLplIwwKnG"
"111.content","RT RealScottErnst If HillaryClinton  elected POTUS I will lead  revolution  overthrow  dictatorship  She will NEVER rule "
"112.content","RT pastormarkburns On TrumpForceOne last night   next POTUS realDonaldTrump With DanScavino amp Steve TrumpTrain httpst"
"113.content","RT DanScavino RealBenCarson speaks  New Hampshire amp introduces  next POTUS realDonaldTrump TrumpTrain MAGA USAhttpstco"
"114.content","RT DanScavino RealBenCarson speaks  New Hampshire amp introduces  next POTUS realDonaldTrump TrumpTrain MAGA USAhttpstco"
"115.content","terrorism blasts attack Knowledge  power siteWe got  said POTUS Did distrust help httpstcocOesXloo httpstcouOHeXhdOz"
"116.content","RT notadrum RapUp Kanye West will reportedly  four years   whatever  wants  POTUS"
"117.content","RT DanScavino RealBenCarson speaks  New Hampshire amp introduces  next POTUS realDonaldTrump TrumpTrain MAGA USAhttpstco"
"118.content","IF HITLER WAS POTUS Hed say  There Are Reasons For Us Withholding This Information  Confidentiality httpstcomsYnewLSdE tcot"
"119.content","HillaryforPrision NeverKillary NeverForgetBenghazi IraqWar Lybia With realDonaldTrump  POTUS MAGA  httpstcoGRVyMqJJfr"
"120.content","RT AlBaldasaro Attending  Manchester NH realDonaldTrump rally What  great motivated crowd waiting   next POTUS httpstco"
"121.content","RT pastormarkburns On TrumpForceOne last night   next POTUS realDonaldTrump With DanScavino amp Steve TrumpTrain httpst"
"122.content","RT pastormarkburns On TrumpForceOne last night   next POTUS realDonaldTrump With DanScavino amp Steve TrumpTrain httpst"
"123.content","RT DanScavino RealBenCarson speaks  New Hampshire amp introduces  next POTUS realDonaldTrump TrumpTrain MAGA USAhttpstco"
"124.content","RT DanScavino RealBenCarson speaks  New Hampshire amp introduces  next POTUS realDonaldTrump TrumpTrain MAGA USAhttpstco"
"125.content","RT pastormarkburns On TrumpForceOne last night   next POTUS realDonaldTrump With DanScavino amp Steve TrumpTrain httpst"
"126.content","RT DanScavino RealBenCarson speaks  New Hampshire amp introduces  next POTUS realDonaldTrump TrumpTrain MAGA USAhttpstco"
"127.content","RT DanScavino RealBenCarson speaks  New Hampshire amp introduces  next POTUS realDonaldTrump TrumpTrain MAGA USAhttpstco"
"128.content","RT andersonDrLJA NO COMPANY WOULD HIRE HILLARY AS THEIR CEO THEN WHY WOULD WE CHOOSE HER AS POTUS NeverHillary HillaryJail https"
"129.content","RT pastormarkburns On TrumpForceOne last night   next POTUS realDonaldTrump With DanScavino amp Steve TrumpTrain httpst"
"130.content","Thnx U HillaryClinton  opposed  DonaldTrump  threw  nothing  lies amp accusations She  showcased     POTUS"
"131.content","RT DanScavino RealBenCarson speaks  New Hampshire amp introduces  next POTUS realDonaldTrump TrumpTrain MAGA USAhttpstco"
"132.content","RT pastormarkburns On TrumpForceOne last night   next POTUS realDonaldTrump With DanScavino amp Steve TrumpTrain httpst"
"133.content","RT pastormarkburns On TrumpForceOne last night   next POTUS realDonaldTrump With DanScavino amp Steve TrumpTrain httpst"
"134.content","RT DanScavino RealBenCarson speaks  New Hampshire amp introduces  next POTUS realDonaldTrump TrumpTrain MAGA USAhttpstco"
"135.content","RT pastormarkburns On TrumpForceOne last night   next POTUS realDonaldTrump With DanScavino amp Steve TrumpTrain httpst"
"136.content","RT pastormarkburns On TrumpForceOne last night   next POTUS realDonaldTrump With DanScavino amp Steve TrumpTrain httpst"
"137.content","In  parallel universe instead  Presidents George Bush amp Bill Clinton let   Prez George Clinton potus httpstcotzEszZp"
"138.content","politico HillaryClinton And THATS  NeverHillary Nov  WE THE PEOPLE will vote realDonaldTrump   next POTUS"
"139.content","RT pastormarkburns On TrumpForceOne last night   next POTUS realDonaldTrump With DanScavino amp Steve TrumpTrain httpst"
"140.content","DONT DO  HillaryClinton     BarackObama vote Blue  POTUS  stick  w  Red Congress House amp Senate  key ctl"
"141.content","Viceland  president  fuckthatsdelicious potus httpstcofpGSiMlMa"
"142.content","RT pastormarkburns On TrumpForceOne last night   next POTUS realDonaldTrump With DanScavino amp Steve TrumpTrain httpst"
"143.content","RT USFreedomArmy Our MarxistMuslim POTUS okays  nonsense Stand   USA Enlist  us  httpstcooSPeYQMpH Join https"
"144.content","This   JebBush  one   million Americans  qualified   POTUS  Trump  Hillary httpstcogMeORGFTw"
"145.content","RT librarycongress New online POTUS Zachary Taylor joins  collections  presidential papers httpstcolFJXUbotd httpstcojf"
"146.content","NeverHillary HillaryforPrision MAGA Vote   realDonaldTrump   next POTUS He loves  country amp people httpstcoOxdVbAgLn"
"147.content","RT DanScavino RealBenCarson speaks  New Hampshire amp introduces  next POTUS realDonaldTrump TrumpTrain MAGA USAhttpstco"
"148.content","RT pastormarkburns On TrumpForceOne last night   next POTUS realDonaldTrump With DanScavino amp Steve TrumpTrain httpst"
"149.content","RT pastormarkburns On TrumpForceOne last night   next POTUS realDonaldTrump With DanScavino amp Steve TrumpTrain httpst"
"150.content","say   will deny   want HillaryClinton  INSPIRING AMAZING  STRONGMy kind  POTUS"
"151.content","RT pastormarkburns On TrumpForceOne last night   next POTUS realDonaldTrump With DanScavino amp Steve TrumpTrain httpst"
"152.content","Cant wait  see HillaryClinton enjoy  view amp take  oath  office   next POTUS HillYes ImWithHer httpstcoNkuaVoX"
"153.content","RT DanScavino RealBenCarson speaks  New Hampshire amp introduces  next POTUS realDonaldTrump TrumpTrain MAGA USAhttpstco"
"154.content","RT DanScavino RealBenCarson speaks  New Hampshire amp introduces  next POTUS realDonaldTrump TrumpTrain MAGA USAhttpstco"
"155.content","RT AlBaldasaro Attending  Manchester NH realDonaldTrump rally What  great motivated crowd waiting   next POTUS httpstco"
"156.content","RT pastormarkburns On TrumpForceOne last night   next POTUS realDonaldTrump With DanScavino amp Steve TrumpTrain httpst"
"157.content","RT DanScavino RealBenCarson speaks  New Hampshire amp introduces  next POTUS realDonaldTrump TrumpTrain MAGA USAhttpstco"
"158.content","RT theUKtoday rothschild wants  criminal corrupt nut case hitleryclinto  POTUS  guess  folks thats exactly  will h"
"159.content","RT Modesty MORROW N theaters NATIONWIDE Southside With You  The story  POTUS amp FLOTUS  iamtikasumpter ParkerSawyers https"
"160.content","See GreenPartyUS POTUS candidate DrJillStein  Detroit Eastern Market Sept  httpstcooQotPVYm WeAreGreen VoteGreen"
"161.content","RT AnonymousMsBig KKK David Duke cheers  realDonaldTrump amp Breitbart love fest This maybe  POTUS  SMShow maddow lastword  htt"
"162.content","RT PunkyPaneteddo ABC CBSNews seems  interested  hammering realDonaldTrump  showing POTUS   LouisianaFlood httpst"
"163.content","RT pastormarkburns On TrumpForceOne last night   next POTUS realDonaldTrump With DanScavino amp Steve TrumpTrain httpst"
"164.content","RT DanScavino RealBenCarson speaks  New Hampshire amp introduces  next POTUS realDonaldTrump TrumpTrain MAGA USAhttpstco"
"165.content","RT VerbleGherulous If  society   hope   considered rational   GOP nominee  POTUS   treated  entert"
"166.content","RT DanScavino RealBenCarson speaks  New Hampshire amp introduces  next POTUS realDonaldTrump TrumpTrain MAGA USAhttpstco"
"167.content","RT pastormarkburns On TrumpForceOne last night   next POTUS realDonaldTrump With DanScavino amp Steve TrumpTrain httpst"
"168.content","RT DanScavino RealBenCarson speaks  New Hampshire amp introduces  next POTUS realDonaldTrump TrumpTrain MAGA USAhttpstco"
"169.content","RT DanScavino RealBenCarson speaks  New Hampshire amp introduces  next POTUS realDonaldTrump TrumpTrain MAGA USAhttpstco"
"170.content","ABC CBSNews seems  interested  hammering realDonaldTrump  showing POTUS   LouisianaFlood httpstcoYvGibcU"
"171.content","RT DanScavino RealBenCarson speaks  New Hampshire amp introduces  next POTUS realDonaldTrump TrumpTrain MAGA USAhttpstco"
"172.content","RT RealScottErnst If HillaryClinton  elected POTUS I will lead  revolution  overthrow  dictatorship  She will NEVER rule "
"173.content","RT DanScavino RealBenCarson speaks  New Hampshire amp introduces  next POTUS realDonaldTrump TrumpTrain MAGA USAhttpstco"
"174.content","RT DanScavino RealBenCarson speaks  New Hampshire amp introduces  next POTUS realDonaldTrump TrumpTrain MAGA USAhttpstco"
"175.content","RT pastormarkburns On TrumpForceOne last night   next POTUS realDonaldTrump With DanScavino amp Steve TrumpTrain httpst"
"176.content","RT pastormarkburns On TrumpForceOne last night   next POTUS realDonaldTrump With DanScavino amp Steve TrumpTrain httpst"
"177.content","RT pastormarkburns On TrumpForceOne last night   next POTUS realDonaldTrump With DanScavino amp Steve TrumpTrain httpst"
"178.content","RT DanScavino RealBenCarson speaks  New Hampshire amp introduces  next POTUS realDonaldTrump TrumpTrain MAGA USAhttpstco"
"179.content","RT DanScavino RealBenCarson speaks  New Hampshire amp introduces  next POTUS realDonaldTrump TrumpTrain MAGA USAhttpstco"
"180.content","RT pastormarkburns On TrumpForceOne last night   next POTUS realDonaldTrump With DanScavino amp Steve TrumpTrain httpst"
"181.content","RT JKPolkSHS The NatlParkService  HBD The Interior  NPS falls   created  POTUS Polk NPS httpstc"
"182.content","RT pastormarkburns On TrumpForceOne last night   next POTUS realDonaldTrump With DanScavino amp Steve TrumpTrain httpst"
"183.content","RT DanScavino RealBenCarson speaks  New Hampshire amp introduces  next POTUS realDonaldTrump TrumpTrain MAGA USAhttpstco"
"184.content","Being   right place    right time  fortunate can  POTUS  Till another  years httpstcoAnHFBkuv"
"185.content","RT DanScavino RealBenCarson speaks  New Hampshire amp introduces  next POTUS realDonaldTrump TrumpTrain MAGA USAhttpstco"
"186.content","RT pastormarkburns On TrumpForceOne last night   next POTUS realDonaldTrump With DanScavino amp Steve TrumpTrain httpst"
"187.content","RT DanScavino RealBenCarson speaks  New Hampshire amp introduces  next POTUS realDonaldTrump TrumpTrain MAGA USAhttpstco"
"188.content","RT DanScavino RealBenCarson speaks  New Hampshire amp introduces  next POTUS realDonaldTrump TrumpTrain MAGA USAhttpstco"
"189.content","RT DanScavino RealBenCarson speaks  New Hampshire amp introduces  next POTUS realDonaldTrump TrumpTrain MAGA USAhttpstco"
"190.content","RT pastormarkburns On TrumpForceOne last night   next POTUS realDonaldTrump With DanScavino amp Steve TrumpTrain httpst"
"191.content","RT DanScavino RealBenCarson speaks  New Hampshire amp introduces  next POTUS realDonaldTrump TrumpTrain MAGA USAhttpstco"
"192.content","RT pastormarkburns On TrumpForceOne last night   next POTUS realDonaldTrump With DanScavino amp Steve TrumpTrain httpst"
"193.content","RT TeslaIndy JayS KyTrumpMAGA realDonaldTrump Great response   future POTUS  Thanks Mr Trump  WomenTRUMP"
"194.content","shannonworle SpeakerRyan POTUS"
"195.content","RT DanScavino RealBenCarson speaks  New Hampshire amp introduces  next POTUS realDonaldTrump TrumpTrain MAGA USAhttpstco"
"196.content","RT truevisualpoet TheDemocrats I trust HillaryClinton IAmWithHer StrongerTogether HillaryClinton POTUS InaugurationReality politi"
"197.content","RT DanScavino RealBenCarson speaks  New Hampshire amp introduces  next POTUS realDonaldTrump TrumpTrain MAGA USAhttpstco"
"198.content","So sadyet  true Worst POTUS Ever BatonRougeFlood  httpstcopnsZpUH"
"199.content","RT FindMyAudience Barack Obamas Summer Reading List  POTUS Has Good Taste reading summerbooks httpstcopWLySDDt"
"200.content","Odd   foreign politician  stump  POTUS candidate I dont get NigelFarage   Seems like  windbag httpstcotqLYklqL"
"201.content","RT pastormarkburns On TrumpForceOne last night   next POTUS realDonaldTrump With DanScavino amp Steve TrumpTrain httpst"
"202.content","RT DanScavino RealBenCarson speaks  New Hampshire amp introduces  next POTUS realDonaldTrump TrumpTrain MAGA USAhttpstco"
"203.content","RT DanScavino RealBenCarson speaks  New Hampshire amp introduces  next POTUS realDonaldTrump TrumpTrain MAGA USAhttpstco"
"204.content","RT pastormarkburns On TrumpForceOne last night   next POTUS realDonaldTrump With DanScavino amp Steve TrumpTrain httpst"
"205.content","RT pastormarkburns On TrumpForceOne last night   next POTUS realDonaldTrump With DanScavino amp Steve TrumpTrain httpst"
"206.content","RT DanScavino RealBenCarson speaks  New Hampshire amp introduces  next POTUS realDonaldTrump TrumpTrain MAGA USAhttpstco"
"207.content","RT DanScavino RealBenCarson speaks  New Hampshire amp introduces  next POTUS realDonaldTrump TrumpTrain MAGA USAhttpstco"
"208.content","RT DanScavino RealBenCarson speaks  New Hampshire amp introduces  next POTUS realDonaldTrump TrumpTrain MAGA USAhttpstco"
"209.content","RT pastormarkburns On TrumpForceOne last night   next POTUS realDonaldTrump With DanScavino amp Steve TrumpTrain httpst"
"210.content","RT pastormarkburns On TrumpForceOne last night   next POTUS realDonaldTrump With DanScavino amp Steve TrumpTrain httpst"
"211.content","RT Cagsil Remove CONGRESSRemove SCOTUSRemove POTUSAll GUILTY TREASONDebt Fraud EndTheFed Tyranny Treason httpstcoTs"
"212.content","RT pastormarkburns On TrumpForceOne last night   next POTUS realDonaldTrump With DanScavino amp Steve TrumpTrain httpst"
"213.content","RT DanScavino RealBenCarson speaks  New Hampshire amp introduces  next POTUS realDonaldTrump TrumpTrain MAGA USAhttpstco"
"214.content","rothschild wants  criminal corrupt nut case hitleryclinto  POTUS  guess  folks thats exactly  will happen"
"215.content","RT Cagsil Remove CONGRESSRemove SCOTUSRemove POTUSAll GUILTY TREASONDebt Fraud EndTheFed Tyranny Treason httpstcoTs"
"216.content","RT FuckBarrelPAC ImWithHer ClintonFoundation ClintonCash CrookedHillary Libya FreePalestine BDS POTUS JillNotHill Bernie https"
"217.content","RT DanScavino RealBenCarson speaks  New Hampshire amp introduces  next POTUS realDonaldTrump TrumpTrain MAGA USAhttpstco"
"218.content","RT AlBaldasaro Attending  Manchester NH realDonaldTrump rally What  great motivated crowd waiting   next POTUS httpstco"
"219.content","RT DanScavino RealBenCarson speaks  New Hampshire amp introduces  next POTUS realDonaldTrump TrumpTrain MAGA USAhttpstco"
"220.content","RT pastormarkburns On TrumpForceOne last night   next POTUS realDonaldTrump With DanScavino amp Steve TrumpTrain httpst"
"221.content","Here  comes ladies  gents The candidates  POTUS  going  unload     keeps httpstcoypyZIWICd"
"222.content","RT DanScavino RealBenCarson speaks  New Hampshire amp introduces  next POTUS realDonaldTrump TrumpTrain MAGA USAhttpstco"
"223.content","RT truevisualpoet TheDemocrats I trust HillaryClinton IAmWithHer StrongerTogether HillaryClinton POTUS InaugurationReality politi"
"224.content","RT RealScottErnst If HillaryClinton  elected POTUS I will lead  revolution  overthrow  dictatorship  She will NEVER rule "
"225.content","RT DanScavino RealBenCarson speaks  New Hampshire amp introduces  next POTUS realDonaldTrump TrumpTrain MAGA USAhttpstco"
"226.content","RT pastormarkburns On TrumpForceOne last night   next POTUS realDonaldTrump With DanScavino amp Steve TrumpTrain httpst"
"227.content","RT pastormarkburns On TrumpForceOne last night   next POTUS realDonaldTrump With DanScavino amp Steve TrumpTrain httpst"
"228.content","RT DanScavino RealBenCarson speaks  New Hampshire amp introduces  next POTUS realDonaldTrump TrumpTrain MAGA USAhttpstco"
"229.content","RT markselby     resistance  freedom   ElectedOfficials  stopping freedom  speech amp Unconstitutional POTUS http"
"230.content","RT DanScavino RealBenCarson speaks  New Hampshire amp introduces  next POTUS realDonaldTrump TrumpTrain MAGA USAhttpstco"
"231.content","Hillary is NOT fit to even think about being POTUS  LyingCrookedHillary LockHerUp HillaryInReno ‚õì‚õì‚õìÌ†ΩÌ∑ù httpstcoIJbaeawzu"
"232.content","RT DanScavino RealBenCarson speaks  New Hampshire amp introduces  next POTUS realDonaldTrump TrumpTrain MAGA USAhttpstco"
"233.content","TheDemocrats I trust HillaryClinton IAmWithHer StrongerTogether HillaryClinton POTUS InaugurationReality politics peace"
"234.content","RT DanScavino RealBenCarson speaks  New Hampshire amp introduces  next POTUS realDonaldTrump TrumpTrain MAGA USAhttpstco"
"235.content","RT DanScavino RealBenCarson speaks  New Hampshire amp introduces  next POTUS realDonaldTrump TrumpTrain MAGA USAhttpstco"
"236.content","Brilliant speech  HillaryClinton  next POTUS   need  take   TrumpTrash immediately He   cancerous sore  America"
"237.content","RT pastormarkburns On TrumpForceOne last night   next POTUS realDonaldTrump With DanScavino amp Steve TrumpTrain httpst"
"238.content","RT DanScavino RealBenCarson speaks  New Hampshire amp introduces  next POTUS realDonaldTrump TrumpTrain MAGA USAhttpstco"
"239.content","RT DanScavino RealBenCarson speaks  New Hampshire amp introduces  next POTUS realDonaldTrump TrumpTrain MAGA USAhttpstco"
"240.content","RT nureality  POTUS I promise  blow every statesman  world overHillaryClinton raising taxes   middle class https"
"241.content","RT pastormarkburns On TrumpForceOne last night   next POTUS realDonaldTrump With DanScavino amp Steve TrumpTrain httpst"
"242.content","RT pastormarkburns On TrumpForceOne last night   next POTUS realDonaldTrump With DanScavino amp Steve TrumpTrain httpst"
"243.content","RT DanScavino RealBenCarson speaks  New Hampshire amp introduces  next POTUS realDonaldTrump TrumpTrain MAGA USAhttpstco"
"244.content","RT pastormarkburns On TrumpForceOne last night   next POTUS realDonaldTrump With DanScavino amp Steve TrumpTrain httpst"
"245.content","    resistance  freedom   ElectedOfficials  stopping freedom  speech amp Unconstitutional POTUS httpstcoWgpEgcGne"
"246.content","RT DanScavino RealBenCarson speaks  New Hampshire amp introduces  next POTUS realDonaldTrump TrumpTrain MAGA USAhttpstco"
"247.content","RT DanScavino RealBenCarson speaks  New Hampshire amp introduces  next POTUS realDonaldTrump TrumpTrain MAGA USAhttpstco"
"248.content","RT pastormarkburns On TrumpForceOne last night   next POTUS realDonaldTrump With DanScavino amp Steve TrumpTrain httpst"
"249.content","RT DanScavino RealBenCarson speaks  New Hampshire amp introduces  next POTUS realDonaldTrump TrumpTrain MAGA USAhttpstco"
"250.content","RT RealScottErnst If HillaryClinton  elected POTUS I will lead  revolution  overthrow  dictatorship  She will NEVER rule "
"251.content","RT DanScavino RealBenCarson speaks  New Hampshire amp introduces  next POTUS realDonaldTrump TrumpTrain MAGA USAhttpstco"
"252.content","RT DanScavino RealBenCarson speaks  New Hampshire amp introduces  next POTUS realDonaldTrump TrumpTrain MAGA USAhttpstco"
"253.content","RT pastormarkburns On TrumpForceOne last night   next POTUS realDonaldTrump With DanScavino amp Steve TrumpTrain httpst"
"254.content","RT Billybeeswife chuckwoolery When  swimming jock  held  responsible  lies   future possible potus cnn NBCNews Fox"
"255.content","janekleeb JamiaStarheart POTUS potus says  "
"256.content","NoDAPL POTUS    StandingRock POTUS BarackObama ObamaOut"
"257.content","RT Scherlie Be heard Register  vote DaybyDay ImWithHer POTUS HillaryClinton FlaDems httpstcoKPeZGFg"
"258.content","RT DanScavino RealBenCarson speaks  New Hampshire amp introduces  next POTUS realDonaldTrump TrumpTrain MAGA USAhttpstco"
"259.content","RT pastormarkburns On TrumpForceOne last night   next POTUS realDonaldTrump With DanScavino amp Steve TrumpTrain httpst"
"260.content","RT RealScottErnst If HillaryClinton  elected POTUS I will lead  revolution  overthrow  dictatorship  She will NEVER rule "
"261.content","RT RealScottErnst If HillaryClinton  elected POTUS I will lead  revolution  overthrow  dictatorship  She will NEVER rule "
"262.content","RT DanScavino RealBenCarson speaks  New Hampshire amp introduces  next POTUS realDonaldTrump TrumpTrain MAGA USAhttpstco"
"263.content","RT pastormarkburns On TrumpForceOne last night   next POTUS realDonaldTrump With DanScavino amp Steve TrumpTrain httpst"
"264.content","RT pastormarkburns On TrumpForceOne last night   next POTUS realDonaldTrump With DanScavino amp Steve TrumpTrain httpst"
"265.content","RT DanScavino RealBenCarson speaks  New Hampshire amp introduces  next POTUS realDonaldTrump TrumpTrain MAGA USAhttpstco"
"266.content","RT DanScavino RealBenCarson speaks  New Hampshire amp introduces  next POTUS realDonaldTrump TrumpTrain MAGA USAhttpstco"
"267.content","RT DanScavino RealBenCarson speaks  New Hampshire amp introduces  next POTUS realDonaldTrump TrumpTrain MAGA USAhttpstco"
"268.content","RT DanScavino RealBenCarson speaks  New Hampshire amp introduces  next POTUS realDonaldTrump TrumpTrain MAGA USAhttpstco"
"269.content","RT RealScottErnst If HillaryClinton  elected POTUS I will lead  revolution  overthrow  dictatorship  She will NEVER rule "
"270.content","RT DanScavino RealBenCarson speaks  New Hampshire amp introduces  next POTUS realDonaldTrump TrumpTrain MAGA USAhttpstco"
"271.content","RT DanScavino RealBenCarson speaks  New Hampshire amp introduces  next POTUS realDonaldTrump TrumpTrain MAGA USAhttpstco"
"272.content","RealDonaldTrump shld   POTUS solely bc  refuses  release  tax returnsHe trying  hoodwink  ppl amp steal  election"
"273.content","RT pastormarkburns On TrumpForceOne last night   next POTUS realDonaldTrump With DanScavino amp Steve TrumpTrain httpst"
"274.content","RT DanScavino RealBenCarson speaks  New Hampshire amp introduces  next POTUS realDonaldTrump TrumpTrain MAGA USAhttpstco"
"275.content","RT librarycongress New online POTUS Zachary Taylor joins  collections  presidential papers httpstcolFJXUbotd httpstcojf"
"276.content","RT DanScavino RealBenCarson speaks  New Hampshire amp introduces  next POTUS realDonaldTrump TrumpTrain MAGA USAhttpstco"
"277.content","RT RealScottErnst If HillaryClinton  elected POTUS I will lead  revolution  overthrow  dictatorship  She will NEVER rule "
"278.content","RT DanScavino RealBenCarson speaks  New Hampshire amp introduces  next POTUS realDonaldTrump TrumpTrain MAGA USAhttpstco"
"279.content","RT DanScavino RealBenCarson speaks  New Hampshire amp introduces  next POTUS realDonaldTrump TrumpTrain MAGA USAhttpstco"
"280.content","If HillaryClinton  elected POTUS I will lead  revolution  overthrow  dictatorship  She will NEVER rule  "
"281.content","RT DanScavino RealBenCarson speaks  New Hampshire amp introduces  next POTUS realDonaldTrump TrumpTrain MAGA USAhttpstco"
"282.content","RT muchmoresalt DanScavino RealBenCarson speaks  New Hampshire amp introduces  next POTUS realDonaldTrump TrumpTrain MAG https"
"283.content","RT pastormarkburns On TrumpForceOne last night   next POTUS realDonaldTrump With DanScavino amp Steve TrumpTrain httpst"
"284.content","RT pastormarkburns On TrumpForceOne last night   next POTUS realDonaldTrump With DanScavino amp Steve TrumpTrain httpst"
"285.content","RT pastormarkburns On TrumpForceOne last night   next POTUS realDonaldTrump With DanScavino amp Steve TrumpTrain httpst"
"286.content","CindyHearn christianross EvanMcMullin supporters believe U    PC amp polite potus    approval rating  everything  dandy"
"287.content","RT MiddleClazzMom HillaryClinton is a SUPER PREDATOR ON THE MINORITY VOTE  THE OFFICESECRETARY OF STATE AND IF ELECTED POTUS Ì†ΩÌ∏± http"
"288.content","RT notadrum RapUp Kanye West will reportedly  four years   whatever  wants  POTUS"
"289.content","RT DanScavino RealBenCarson speaks  New Hampshire amp introduces  next POTUS realDonaldTrump TrumpTrain MAGA USAhttpstco"
"290.content","HillaryClinton Your  fit   POTUS Pathological LIAR"
"291.content","RT DanScavino RealBenCarson speaks  New Hampshire amp introduces  next POTUS realDonaldTrump TrumpTrain MAGA USAhttpstco"
"292.content","This    campaign speech This   public address If  want  idea  HillaryClinton  POTUS      wonderful"
"293.content","RT DanScavino RealBenCarson speaks  New Hampshire amp introduces  next POTUS realDonaldTrump TrumpTrain MAGA USAhttpstco"
"294.content","RT DanScavino RealBenCarson speaks  New Hampshire amp introduces  next POTUS realDonaldTrump TrumpTrain MAGA USAhttpstco"
"295.content","RT pastormarkburns On TrumpForceOne last night   next POTUS realDonaldTrump With DanScavino amp Steve TrumpTrain httpst"
"296.content","RT MiddleClazzMom HillaryClinton is a SUPER PREDATOR ON THE MINORITY VOTE  THE OFFICESECRETARY OF STATE AND IF ELECTED POTUS Ì†ΩÌ∏± http"
"297.content","RT DanScavino RealBenCarson speaks  New Hampshire amp introduces  next POTUS realDonaldTrump TrumpTrain MAGA USAhttpstco"
"298.content","RT DanScavino RealBenCarson speaks  New Hampshire amp introduces  next POTUS realDonaldTrump TrumpTrain MAGA USAhttpstco"
"299.content","RT DanScavino RealBenCarson speaks  New Hampshire amp introduces  next POTUS realDonaldTrump TrumpTrain MAGA USAhttpstco"
"300.content","RT CarmineSabia Hillary wants   POTUS Needs step stool  get  car AltRightMeans release  medical records httpstcoZV"
"301.content","RT DanScavino RealBenCarson speaks  New Hampshire amp introduces  next POTUS realDonaldTrump TrumpTrain MAGA USAhttpstco"
"302.content","RT pastormarkburns On TrumpForceOne last night   next POTUS realDonaldTrump With DanScavino amp Steve TrumpTrain httpst"
"303.content","As per ChrisChristie  st thing Trump wants     gets  office  fire everyone put  place   Potus"
"304.content","RT pastormarkburns On TrumpForceOne last night   next POTUS realDonaldTrump With DanScavino amp Steve TrumpTrain httpst"
"305.content","RT DanScavino RealBenCarson speaks  New Hampshire amp introduces  next POTUS realDonaldTrump TrumpTrain MAGA USAhttpstco"
"306.content","RT DanScavino RealBenCarson speaks  New Hampshire amp introduces  next POTUS realDonaldTrump TrumpTrain MAGA USAhttpstco"
"307.content","RT DanScavino RealBenCarson speaks  New Hampshire amp introduces  next POTUS realDonaldTrump TrumpTrain MAGA USAhttpstco"
"308.content","RT DanScavino RealBenCarson speaks  New Hampshire amp introduces  next POTUS realDonaldTrump TrumpTrain MAGA USAhttpstco"
"309.content","RT DanScavino RealBenCarson speaks  New Hampshire amp introduces  next POTUS realDonaldTrump TrumpTrain MAGA USAhttpstco"
"310.content","RT DanScavino RealBenCarson speaks  New Hampshire amp introduces  next POTUS realDonaldTrump TrumpTrain MAGA USAhttpstco"
"311.content","Nice job  Nevada today hillaryclinton glad youre holding Trump   lies low morals amp poor leadership decisions POTUS"
"312.content","NEW PODCASTFAQ  ANSWERS FINDING CHANGE httpstcoUxEiFqbUBy thursday podcast faith family Obama POTUS education advice"
"313.content","HillaryClinton If  dont understand diff btwn immigrant  illegal alien    running  POTUS CrookedHillary TCOT"
"314.content","RT pastormarkburns On TrumpForceOne last night   next POTUS realDonaldTrump With DanScavino amp Steve TrumpTrain httpst"
"315.content","RT DanScavino RealBenCarson speaks  New Hampshire amp introduces  next POTUS realDonaldTrump TrumpTrain MAGA USAhttpstco"
"316.content","RT andersonDrLJA NO COMPANY WOULD HIRE HILLARY AS THEIR CEO THEN WHY WOULD WE CHOOSE HER AS POTUS NeverHillary HillaryJail https"
"317.content","RT DanScavino RealBenCarson speaks  New Hampshire amp introduces  next POTUS realDonaldTrump TrumpTrain MAGA USAhttpstco"
"318.content","RT DanScavino RealBenCarson speaks  New Hampshire amp introduces  next POTUS realDonaldTrump TrumpTrain MAGA USAhttpstco"
"319.content","RT muchmoresalt DanScavino RealBenCarson speaks  New Hampshire amp introduces  next POTUS realDonaldTrump TrumpTrain MAG https"
"320.content","JayS KyTrumpMAGA realDonaldTrump Great response   future POTUS  Thanks Mr Trump  WomenTRUMP"
"321.content","RT DanScavino RealBenCarson speaks  New Hampshire amp introduces  next POTUS realDonaldTrump TrumpTrain MAGA USAhttpstco"
"322.content","RT pastormarkburns On TrumpForceOne last night   next POTUS realDonaldTrump With DanScavino amp Steve TrumpTrain httpst"
"323.content","RT DanScavino RealBenCarson speaks  New Hampshire amp introduces  next POTUS realDonaldTrump TrumpTrain MAGA USAhttpstco"
"324.content","RT DanScavino RealBenCarson speaks  New Hampshire amp introduces  next POTUS realDonaldTrump TrumpTrain MAGA USAhttpstco"
"325.content"," POTUS I promise  blow every statesman  world overHillaryClinton raising taxes   middle class httpstcoIXcqbNcSv"
"326.content","RT notadrum RapUp Kanye West will reportedly  four years   whatever  wants  POTUS"
"327.content","RT pastormarkburns On TrumpForceOne last night   next POTUS realDonaldTrump With DanScavino amp Steve TrumpTrain httpst"
"328.content","RT pastormarkburns On TrumpForceOne last night   next POTUS realDonaldTrump With DanScavino amp Steve TrumpTrain httpst"
"329.content","RT librarycongress New online POTUS Zachary Taylor joins  collections  presidential papers httpstcolFJXUbotd httpstcojf"
"330.content","RT librarycongress New online POTUS Zachary Taylor joins  collections  presidential papers httpstcolFJXUbotd httpstcojf"
"331.content","HillaryClinton is a lying deceitful woman who should NEVER be considered for POTUS AltRightMeans LockHerUp ‚õìÌ†ΩÌ∑ù httpstcosGbbEX"
"332.content","RT DanScavino RealBenCarson speaks  New Hampshire amp introduces  next POTUS realDonaldTrump TrumpTrain MAGA USAhttpstco"
"333.content","RT DarleneHBrook I agree  w   Americans   say   two candidates running  POTUS mturnersc jeffgully htt"
"334.content","RT pastormarkburns On TrumpForceOne last night   next POTUS realDonaldTrump With DanScavino amp Steve TrumpTrain httpst"
"335.content","RT Rackinashzure You made  promise   StandingRockReservation   people  together Keep  NoDAPL POTUS FLOTUS SWO htt"
"336.content","RT DanScavino RealBenCarson speaks  New Hampshire amp introduces  next POTUS realDonaldTrump TrumpTrain MAGA USAhttpstco"
"337.content","RT DanScavino RealBenCarson speaks  New Hampshire amp introduces  next POTUS realDonaldTrump TrumpTrain MAGA USAhttpstco"
"338.content","RT pastormarkburns On TrumpForceOne last night   next POTUS realDonaldTrump With DanScavino amp Steve TrumpTrain httpst"
"339.content","RT DanScavino RealBenCarson speaks  New Hampshire amp introduces  next POTUS realDonaldTrump TrumpTrain MAGA USAhttpstco"
"340.content","RT librarycongress New online POTUS Zachary Taylor joins  collections  presidential papers httpstcolFJXUbotd httpstcojf"
"341.content","RT muchmoresalt DanScavino RealBenCarson speaks  New Hampshire amp introduces  next POTUS realDonaldTrump TrumpTrain MAG https"
"342.content","RT andersonDrLJA NO COMPANY WOULD HIRE HILLARY AS THEIR CEO THEN WHY WOULD WE CHOOSE HER AS POTUS NeverHillary HillaryJail https"
"343.content","EveODestruction Just  wearing  outfit HillaryClinton   banned  running  POTUS"
"344.content","RT pastormarkburns On TrumpForceOne last night   next POTUS realDonaldTrump With DanScavino amp Steve TrumpTrain httpst"
"345.content","RTdWhiteHouseNatlParkService PSPrevTWT ABSOLUTELYno familiaritiesampNoteagerAtAll Hes   POTUSOfCourse"
"346.content","WSJ Pretty sure    true A jock swimmer  held  responsible   lies  possible potus She   disgrace"
"347.content","President Obama creates time watching  Virtual Reality film httpstcoPiQSDXvCc POTUS VirtualReality Lekeleo httpstcofZVwHSKMl"
"348.content","HillaryClinton says  wants  lower taxes amp   small business POTUS And realDonaldTrump  going  win  black amp latino votes"
"349.content","RT DanScavino RealBenCarson speaks  New Hampshire amp introduces  next POTUS realDonaldTrump TrumpTrain MAGA USAhttpstco"
"350.content","RT DanScavino RealBenCarson speaks  New Hampshire amp introduces  next POTUS realDonaldTrump TrumpTrain MAGA USAhttpstco"
"351.content","RT DanScavino RealBenCarson speaks  New Hampshire amp introduces  next POTUS realDonaldTrump TrumpTrain MAGA USAhttpstco"
"352.content","RT DanScavino RealBenCarson speaks  New Hampshire amp introduces  next POTUS realDonaldTrump TrumpTrain MAGA USAhttpstco"
"353.content","RT DanScavino RealBenCarson speaks  New Hampshire amp introduces  next POTUS realDonaldTrump TrumpTrain MAGA USAhttpstco"
"354.content","RT pastormarkburns On TrumpForceOne last night   next POTUS realDonaldTrump With DanScavino amp Steve TrumpTrain httpst"
"355.content","Start   MarxistMuslim upbringing amp  intense hatred   USA Our POTUS Enlist  httpstcouGzmRAHXhttpstcoNEKVFRNj"
"356.content","RT pastormarkburns On TrumpForceOne last night   next POTUS realDonaldTrump With DanScavino amp Steve TrumpTrain httpst"
"357.content","RT DanScavino RealBenCarson speaks  New Hampshire amp introduces  next POTUS realDonaldTrump TrumpTrain MAGA USAhttpstco"
"358.content","RT DanScavino RealBenCarson speaks  New Hampshire amp introduces  next POTUS realDonaldTrump TrumpTrain MAGA USAhttpstco"
"359.content","Well   go No credibility gop Republicans hillary hrc clinton Trump nevertrump neverhillary potus httpstcoCrAuYTN"
"360.content","RT DanScavino RealBenCarson speaks  New Hampshire amp introduces  next POTUS realDonaldTrump TrumpTrain MAGA USAhttpstco"
"361.content","RT DanScavino RealBenCarson speaks  New Hampshire amp introduces  next POTUS realDonaldTrump TrumpTrain MAGA USAhttpstco"
"362.content","RT pastormarkburns On TrumpForceOne last night   next POTUS realDonaldTrump With DanScavino amp Steve TrumpTrain httpst"
"363.content","RT librarycongress New online POTUS Zachary Taylor joins  collections  presidential papers httpstcolFJXUbotd httpstcojf"
"364.content","RT pastormarkburns On TrumpForceOne last night   next POTUS realDonaldTrump With DanScavino amp Steve TrumpTrain httpst"
"365.content","RTdWhiteHouseNatlParkServicei may   SOLE  POTUS supporterseager Hes   POTUS TimetoWrite"
"366.content","RT pastormarkburns On TrumpForceOne last night   next POTUS realDonaldTrump With DanScavino amp Steve TrumpTrain httpst"
"367.content","RT DanScavino RealBenCarson speaks  New Hampshire amp introduces  next POTUS realDonaldTrump TrumpTrain MAGA USAhttpstco"
"368.content","RT DanScavino RealBenCarson speaks  New Hampshire amp introduces  next POTUS realDonaldTrump TrumpTrain MAGA USAhttpstco"
"369.content","RT pastormarkburns On TrumpForceOne last night   next POTUS realDonaldTrump With DanScavino amp Steve TrumpTrain httpst"
"370.content","RT pastormarkburns On TrumpForceOne last night   next POTUS realDonaldTrump With DanScavino amp Steve TrumpTrain httpst"
"371.content","I wish  POTUS candidates  stop worrying     start focusing    flawed campaigns"
"372.content","RT DanScavino RealBenCarson speaks  New Hampshire amp introduces  next POTUS realDonaldTrump TrumpTrain MAGA USAhttpstco"
"373.content","realDonaldTrump HillaryClinton promise  keep  peace  truly unite  states  America regardless   becomes  next POTUS"
"374.content","RT DanScavino RealBenCarson speaks  New Hampshire amp introduces  next POTUS realDonaldTrump TrumpTrain MAGA USAhttpstco"
"375.content","RT DanScavino RealBenCarson speaks  New Hampshire amp introduces  next POTUS realDonaldTrump TrumpTrain MAGA USAhttpstco"
"376.content","RT DanScavino RealBenCarson speaks  New Hampshire amp introduces  next POTUS realDonaldTrump TrumpTrain MAGA USAhttpstco"
"377.content","RT DanScavino RealBenCarson speaks  New Hampshire amp introduces  next POTUS realDonaldTrump TrumpTrain MAGA USAhttpstco"
"378.content","RT DanScavino RealBenCarson speaks  New Hampshire amp introduces  next POTUS realDonaldTrump TrumpTrain MAGA USAhttpstco"
"379.content","RT oceanbcake The handpicked Marxist POTUS may  destroyed America ENLIST  us  httpstcouGzmRAZxUH Patriots onlyhttps"
"380.content","chuckwoolery When  swimming jock  held  responsible  lies   future possible potus cnn NBCNews FoxNews NOT  job"
"381.content","And   voters want    POTUSWhat kind  stuff will  make   POTUSTrumpisajoke insane  httpstcoPmWbKVxKLg"
"382.content","RT DanScavino RealBenCarson speaks  New Hampshire amp introduces  next POTUS realDonaldTrump TrumpTrain MAGA USAhttpstco"
"383.content","RT DanScavino RealBenCarson speaks  New Hampshire amp introduces  next POTUS realDonaldTrump TrumpTrain MAGA USAhttpstco"
"384.content","RT pastormarkburns On TrumpForceOne last night   next POTUS realDonaldTrump With DanScavino amp Steve TrumpTrain httpst"
"385.content","realDonaldTrump You still want   POTUS DonaldDreamOn"
"386.content","RT DanScavino RealBenCarson speaks  New Hampshire amp introduces  next POTUS realDonaldTrump TrumpTrain MAGA USAhttpstco"
"387.content","RT DanScavino RealBenCarson speaks  New Hampshire amp introduces  next POTUS realDonaldTrump TrumpTrain MAGA USAhttpstco"
"388.content","RT DanScavino RealBenCarson speaks  New Hampshire amp introduces  next POTUS realDonaldTrump TrumpTrain MAGA USAhttpstco"
"389.content","RT DanScavino RealBenCarson speaks  New Hampshire amp introduces  next POTUS realDonaldTrump TrumpTrain MAGA USAhttpstco"
"390.content","RT DanScavino RealBenCarson speaks  New Hampshire amp introduces  next POTUS realDonaldTrump TrumpTrain MAGA USAhttpstco"
"391.content","RT DanScavino RealBenCarson speaks  New Hampshire amp introduces  next POTUS realDonaldTrump TrumpTrain MAGA USAhttpstco"
"392.content","RT pastormarkburns On TrumpForceOne last night   next POTUS realDonaldTrump With DanScavino amp Steve TrumpTrain httpst"
"393.content","RT librarycongress New online POTUS Zachary Taylor joins  collections  presidential papers httpstcolFJXUbotd httpstcojf"
"394.content","RT DanScavino RealBenCarson speaks  New Hampshire amp introduces  next POTUS realDonaldTrump TrumpTrain MAGA USAhttpstco"
"395.content","RT librarycongress New online POTUS Zachary Taylor joins  collections  presidential papers httpstcolFJXUbotd httpstcojf"
"396.content","RT pastormarkburns On TrumpForceOne last night   next POTUS realDonaldTrump With DanScavino amp Steve TrumpTrain httpst"
"397.content","RT DanScavino RealBenCarson speaks  New Hampshire amp introduces  next POTUS realDonaldTrump TrumpTrain MAGA USAhttpstco"
"398.content","librarycongress  New online POTUS Zachary Taylor joins  collections  presidential  httpstcoeXdMobJYBd httpstcoKffeyOgUW"
"399.content","RT DanScavino RealBenCarson speaks  New Hampshire amp introduces  next POTUS realDonaldTrump TrumpTrain MAGA USAhttpstco"
"400.content","DonaldTrump  soooooooooooooo  STUPID Trump Immigration     latinos HILLARY will make sure realDonaldtrump will never  POTUS GOP"
"401.content","RT pastormarkburns On TrumpForceOne last night   next POTUS realDonaldTrump With DanScavino amp Steve TrumpTrain httpst"
"402.content","RT pastormarkburns On TrumpForceOne last night   next POTUS realDonaldTrump With DanScavino amp Steve TrumpTrain httpst"
"403.content","RT DanScavino RealBenCarson speaks  New Hampshire amp introduces  next POTUS realDonaldTrump TrumpTrain MAGA USAhttpstco"
"404.content","RT DanScavino RealBenCarson speaks  New Hampshire amp introduces  next POTUS realDonaldTrump TrumpTrain MAGA USAhttpstco"
"405.content","RT DanScavino RealBenCarson speaks  New Hampshire amp introduces  next POTUS realDonaldTrump TrumpTrain MAGA USAhttpstco"
"406.content","RT DanScavino RealBenCarson speaks  New Hampshire amp introduces  next POTUS realDonaldTrump TrumpTrain MAGA USAhttpstco"
"407.content","The handpicked Marxist POTUS may  destroyed America ENLIST  us  httpstcouGzmRAZxUH Patriots onlyhttpstcoDgrroPZUk"
"408.content","RT pastormarkburns On TrumpForceOne last night   next POTUS realDonaldTrump With DanScavino amp Steve TrumpTrain httpst"
"409.content","RT librarycongress New online POTUS Zachary Taylor joins  collections  presidential papers httpstcolFJXUbotd httpstcojf"
"410.content","Have  checked   POTUS online collection   LOC They just added papers  Zachary Taylor httpstcoGrzKltWpz"
"411.content","How can HillaryClinton call realDonaldTrump names  shes  biggest fraud  liar  ever run  POTUS Shes  disgrace  USA"
"412.content","RT librarycongress New online POTUS Zachary Taylor joins  collections  presidential papers httpstcolFJXUbotd httpstcojf"
"413.content","RT pastormarkburns On TrumpForceOne last night   next POTUS realDonaldTrump With DanScavino amp Steve TrumpTrain httpst"
"414.content","RT librarycongress New online POTUS Zachary Taylor joins  collections  presidential papers httpstcolFJXUbotd httpstcojf"
"415.content","RT DanScavino RealBenCarson speaks  New Hampshire amp introduces  next POTUS realDonaldTrump TrumpTrain MAGA USAhttpstco"
"416.content","RT DanScavino RealBenCarson speaks  New Hampshire amp introduces  next POTUS realDonaldTrump TrumpTrain MAGA USAhttpstco"
"417.content","RT DanScavino RealBenCarson speaks  New Hampshire amp introduces  next POTUS realDonaldTrump TrumpTrain MAGA USAhttpstco"
"418.content","Ì†ΩÌ≥∞ Bruh  of voters say Barack Obama is attractive Ì†ΩÌ∏ç  POTUS httpstcorfTbstieL httpstcoHoQPPHx"
"419.content","RT DanScavino RealBenCarson speaks  New Hampshire amp introduces  next POTUS realDonaldTrump TrumpTrain MAGA USAhttpstco"
"420.content","RT librarycongress New online POTUS Zachary Taylor joins  collections  presidential papers httpstcolFJXUbotd httpstcojf"
"421.content","RT DanScavino RealBenCarson speaks  New Hampshire amp introduces  next POTUS realDonaldTrump TrumpTrain MAGA USAhttpstco"
"422.content","RT pastormarkburns On TrumpForceOne last night   next POTUS realDonaldTrump With DanScavino amp Steve TrumpTrain httpst"
"423.content","RT DanScavino RealBenCarson speaks  New Hampshire amp introduces  next POTUS realDonaldTrump TrumpTrain MAGA USAhttpstco"
"424.content","FoxNews HillaryClinton realDonaldTrump By keeping  liar amp crook like   becoming POTUS Nice KKK ad SCUM httpstconvedneGZu"
"425.content","POTUS ThankYouMrPresident YourVoteYourDuty UniteBlue TurnSenateBlue TurnCongressBlue VoteBlueDownBallot httpstcooWmQWqW"
"426.content","RT librarycongress New online POTUS Zachary Taylor joins  collections  presidential papers httpstcolFJXUbotd httpstcojf"
"427.content","RT DanScavino RealBenCarson speaks  New Hampshire amp introduces  next POTUS realDonaldTrump TrumpTrain MAGA USAhttpstco"
"428.content","New online POTUS Zachary Taylor joins  collections  presidential papers httpstcolFJXUbotd httpstcojfegnCFGG"
"429.content","RT DanScavino RealBenCarson speaks  New Hampshire amp introduces  next POTUS realDonaldTrump TrumpTrain MAGA USAhttpstco"
"430.content","RT DanScavino RealBenCarson speaks  New Hampshire amp introduces  next POTUS realDonaldTrump TrumpTrain MAGA USAhttpstco"
"431.content","RT DanScavino RealBenCarson speaks  New Hampshire amp introduces  next POTUS realDonaldTrump TrumpTrain MAGA USAhttpstco"
"432.content","RT pastormarkburns On TrumpForceOne last night   next POTUS realDonaldTrump With DanScavino amp Steve TrumpTrain httpst"
"433.content","RT DanScavino RealBenCarson speaks  New Hampshire amp introduces  next POTUS realDonaldTrump TrumpTrain MAGA USAhttpstco"
"434.content","Why isnt Hillary  anything  StopTPP  Potus rams   us‚ùì‚ùì httpstcowaYTEMdakD"
"435.content","oculus tipatat Hey    wrong POTUS first VirtualReality experience   gestigon    httpstcoXeexUs"
"436.content","NigelFarage Thank    powerful speech last night We will take America back  realDonaldTrump   next POTUS MAGA"
"437.content","RT GrThingsRComin An Embarrassment pathetic potus libtard   httpstcoImExHXtY"
"438.content","RT DanScavino RealBenCarson speaks  New Hampshire amp introduces  next POTUS realDonaldTrump TrumpTrain MAGA USAhttpstco"
"439.content","RT DanScavino RealBenCarson speaks  New Hampshire amp introduces  next POTUS realDonaldTrump TrumpTrain MAGA USAhttpstco"
"440.content","RT andersonDrLJA NO COMPANY WOULD HIRE HILLARY AS THEIR CEO THEN WHY WOULD WE CHOOSE HER AS POTUS NeverHillary HillaryJail https"
"441.content","RT RealDJTrumpTeam If  Clintons   dismantle  ClintonFoundation   compliant  potential POTUS  HAS  going"
"442.content","RT DanScavino RealBenCarson speaks  New Hampshire amp introduces  next POTUS realDonaldTrump TrumpTrain MAGA USAhttpstco"
"443.content","RT DanScavino RealBenCarson speaks  New Hampshire amp introduces  next POTUS realDonaldTrump TrumpTrain MAGA USAhttpstco"
"444.content","PlacedeBastille AltRightMeans Official bingo sheet  ALL  HillaryClintons bigoted speeches httpstcoxFTzRzYvi MAGA Potus"
"445.content","RT pastormarkburns On TrumpForceOne last night   next POTUS realDonaldTrump With DanScavino amp Steve TrumpTrain httpst"
"446.content","RT DanScavino RealBenCarson speaks  New Hampshire amp introduces  next POTUS realDonaldTrump TrumpTrain MAGA USAhttpstco"
"447.content","RT LelandYoshitsu President Obamas SECRET CRIMES httpstcotobXLHZNj   httpstcohzSQUcyA  httpstcoHzsQT  POTUS ht"
"448.content","RT DanScavino RealBenCarson speaks  New Hampshire amp introduces  next POTUS realDonaldTrump TrumpTrain MAGA USAhttpstco"
"449.content","RT DanScavino RealBenCarson speaks  New Hampshire amp introduces  next POTUS realDonaldTrump TrumpTrain MAGA USAhttpstco"
"450.content","RT DanScavino RealBenCarson speaks  New Hampshire amp introduces  next POTUS realDonaldTrump TrumpTrain MAGA USAhttpstco"
"451.content","RT DanScavino RealBenCarson speaks  New Hampshire amp introduces  next POTUS realDonaldTrump TrumpTrain MAGA USAhttpstco"
"452.content","RT pastormarkburns On TrumpForceOne last night   next POTUS realDonaldTrump With DanScavino amp Steve TrumpTrain httpst"
"453.content","RT muchmoresalt DanScavino RealBenCarson speaks  New Hampshire amp introduces  next POTUS realDonaldTrump TrumpTrain MAG https"
"454.content","RT DanScavino RealBenCarson speaks  New Hampshire amp introduces  next POTUS realDonaldTrump TrumpTrain MAGA USAhttpstco"
"455.content","RT DanScavino RealBenCarson speaks  New Hampshire amp introduces  next POTUS realDonaldTrump TrumpTrain MAGA USAhttpstco"
"456.content","RT DanScavino RealBenCarson speaks  New Hampshire amp introduces  next POTUS realDonaldTrump TrumpTrain MAGA USAhttpstco"
"457.content","RT DanScavino RealBenCarson speaks  New Hampshire amp introduces  next POTUS realDonaldTrump TrumpTrain MAGA USAhttpstco"
"458.content","RT DanScavino RealBenCarson speaks  New Hampshire amp introduces  next POTUS realDonaldTrump TrumpTrain MAGA USAhttpstco"
"459.content","RT DanScavino RealBenCarson speaks  New Hampshire amp introduces  next POTUS realDonaldTrump TrumpTrain MAGA USAhttpstco"
"460.content","RT pastormarkburns On TrumpForceOne last night   next POTUS realDonaldTrump With DanScavino amp Steve TrumpTrain httpst"
"461.content","RT pastormarkburns On TrumpForceOne last night   next POTUS realDonaldTrump With DanScavino amp Steve TrumpTrain httpst"
"462.content","RT DanScavino RealBenCarson speaks  New Hampshire amp introduces  next POTUS realDonaldTrump TrumpTrain MAGA USAhttpstco"
"463.content","RT BSUSuccess ThursdayThoughts to celebrate a new semester courtesy of of a former POTUS Ì†ΩÌ≤´ Ì†ΩÌ±äDaringGreatly BoiseState httpstcob"
"464.content","RT pastormarkburns On TrumpForceOne last night   next POTUS realDonaldTrump With DanScavino amp Steve TrumpTrain httpst"
"465.content","RT DanScavino RealBenCarson speaks  New Hampshire amp introduces  next POTUS realDonaldTrump TrumpTrain MAGA USAhttpstco"
"466.content","RT PeebsY Trump says  will never  another Black President  Obama failedGWBush    wont  another WhiteM"
"467.content","RT DanScavino RealBenCarson speaks  New Hampshire amp introduces  next POTUS realDonaldTrump TrumpTrain MAGA USAhttpstco"
"468.content","RT DanScavino RealBenCarson speaks  New Hampshire amp introduces  next POTUS realDonaldTrump TrumpTrain MAGA USAhttpstco"
"469.content","RT DanScavino RealBenCarson speaks  New Hampshire amp introduces  next POTUS realDonaldTrump TrumpTrain MAGA USAhttpstco"
"470.content","RT DanScavino RealBenCarson speaks  New Hampshire amp introduces  next POTUS realDonaldTrump TrumpTrain MAGA USAhttpstco"
"471.content","RT DanScavino RealBenCarson speaks  New Hampshire amp introduces  next POTUS realDonaldTrump TrumpTrain MAGA USAhttpstco"
"472.content","RT DanScavino RealBenCarson speaks  New Hampshire amp introduces  next POTUS realDonaldTrump TrumpTrain MAGA USAhttpstco"
"473.content","RT DanScavino RealBenCarson speaks  New Hampshire amp introduces  next POTUS realDonaldTrump TrumpTrain MAGA USAhttpstco"
"474.content","AltRightMeans  openly embraced   current GOP nominee  POTUS httpstcogeFxxhFuIv"
"475.content","RT DanScavino RealBenCarson speaks  New Hampshire amp introduces  next POTUS realDonaldTrump TrumpTrain MAGA USAhttpstco"
"476.content","RT DanScavino RealBenCarson speaks  New Hampshire amp introduces  next POTUS realDonaldTrump TrumpTrain MAGA USAhttpstco"
"477.content","RT DanScavino RealBenCarson speaks  New Hampshire amp introduces  next POTUS realDonaldTrump TrumpTrain MAGA USAhttpstco"
"478.content","RT DanScavino RealBenCarson speaks  New Hampshire amp introduces  next POTUS realDonaldTrump TrumpTrain MAGA USAhttpstco"
"479.content","RT DanScavino RealBenCarson speaks  New Hampshire amp introduces  next POTUS realDonaldTrump TrumpTrain MAGA USAhttpstco"
"480.content","RT pastormarkburns On TrumpForceOne last night   next POTUS realDonaldTrump With DanScavino amp Steve TrumpTrain httpst"
"481.content","RT DanScavino RealBenCarson speaks  New Hampshire amp introduces  next POTUS realDonaldTrump TrumpTrain MAGA USAhttpstco"
"482.content","RT DanScavino RealBenCarson speaks  New Hampshire amp introduces  next POTUS realDonaldTrump TrumpTrain MAGA USAhttpstco"
"483.content","RT pastormarkburns On TrumpForceOne last night   next POTUS realDonaldTrump With DanScavino amp Steve TrumpTrain httpst"
"484.content","RT DanScavino RealBenCarson speaks  New Hampshire amp introduces  next POTUS realDonaldTrump TrumpTrain MAGA USAhttpstco"
"485.content","Trump says  will never  another Black President  Obama failedGWBush    wont  another WhiteMan  POTUS"
"486.content","RT DanScavino RealBenCarson speaks  New Hampshire amp introduces  next POTUS realDonaldTrump TrumpTrain MAGA USAhttpstco"
"487.content","RT DanScavino RealBenCarson speaks  New Hampshire amp introduces  next POTUS realDonaldTrump TrumpTrain MAGA USAhttpstco"
"488.content","RealBenCarson speaks  New Hampshire amp introduces  next POTUS realDonaldTrump TrumpTrain MAGA USAhttpstcoucrizPNsvQo"
"489.content","RT LVNancy Puff Puff PASS Ì†ΩÌ∫¨Ì†ºÌº¨ its ok shell stop accepting foreign donations once shes POTUS CrookedHillaryTrumpPencehttpst"
"490.content","RT DanScavino RealBenCarson speaks  New Hampshire amp introduces  next POTUS realDonaldTrump TrumpTrain MAGA USAhttpstco"
"491.content","RT DanScavino RealBenCarson speaks  New Hampshire amp introduces  next POTUS realDonaldTrump TrumpTrain MAGA USAhttpstco"
"492.content","RT DanScavino RealBenCarson speaks  New Hampshire amp introduces  next POTUS realDonaldTrump TrumpTrain MAGA USAhttpstco"
"493.content","RT pastormarkburns On TrumpForceOne last night   next POTUS realDonaldTrump With DanScavino amp Steve TrumpTrain httpst"
"494.content","RT DanScavino RealBenCarson speaks  New Hampshire amp introduces  next POTUS realDonaldTrump TrumpTrain MAGA USAhttpstco"
"495.content","RT DanScavino RealBenCarson speaks  New Hampshire amp introduces  next POTUS realDonaldTrump TrumpTrain MAGA USAhttpstco"
"496.content","RT pastormarkburns On TrumpForceOne last night   next POTUS realDonaldTrump With DanScavino amp Steve TrumpTrain httpst"
"497.content","RT DanScavino RealBenCarson speaks  New Hampshire amp introduces  next POTUS realDonaldTrump TrumpTrain MAGA USAhttpstco"
"498.content","RT DanScavino RealBenCarson speaks  New Hampshire amp introduces  next POTUS realDonaldTrump TrumpTrain MAGA USAhttpstco"
"499.content","RT DanScavino RealBenCarson speaks  New Hampshire amp introduces  next POTUS realDonaldTrump TrumpTrain MAGA USAhttpstco"
"500.content","If shes  healthy   claimsAnyone needing  much pampering   business  POTUS SickHillary Pathetic httpstcolHVGTGHXpF"
