"","X[[i]]"
"1","HillaryClinton Enough is Enough wUr HillaryLies Insulted Millions AmericansClintonCorruptFoundationrealDonaldTrump TRUMP for POTUS"
"2","RT DanScavino RealBenCarson speaks in New Hampshire amp introduces our next POTUS realDonaldTrump TrumpTrain MAGA USAhttpstco"
"3","Hillary sez RT affinity for LSE scoundrels like Farage indicts Putin Real culprits are oligarchs Weaken Putin amp POTUS the same"
"4","Lets get going dammit They have laser in my eyes everydayU need to fathom betteramphave a better barometer potus MichelleObama  joebiden"
"5","RT DanScavino RealBenCarson speaks in New Hampshire amp introduces our next POTUS realDonaldTrump TrumpTrain MAGA USAhttpstco"
"6","RT pastormarkburns On TrumpForceOne last night with our next POTUS realDonaldTrump With DanScavino amp Steve TrumpTrain httpst"
"7","RT DanScavino RealBenCarson speaks in New Hampshire amp introduces our next POTUS realDonaldTrump TrumpTrain MAGA USAhttpstco"
"8","RT pastormarkburns On TrumpForceOne last night with our next POTUS realDonaldTrump With DanScavino amp Steve TrumpTrain httpst"
"9","RT pastormarkburns On TrumpForceOne last night with our next POTUS realDonaldTrump With DanScavino amp Steve TrumpTrain httpst"
"10","RT pastormarkburns On TrumpForceOne last night with our next POTUS realDonaldTrump With DanScavino amp Steve TrumpTrain httpst"
"11","RT pastormarkburns On TrumpForceOne last night with our next POTUS realDonaldTrump With DanScavino amp Steve TrumpTrain httpst"
"12","The first MarxistMuslim POTUS is easy to spot Who voted for this guy Enlist gt httpstcoGjZHkJKEhttpstcouwRevksGw"
"13","All we ask for from foxnews is a fair shakeI WAS HUGE SENTEDCRUZ SUPPORTERST HISPANIC AMERICAN TO EVER WIN POTUS PRIMARYFU SHEP"
"14","JeffersonObama the healthiest man ever elect to be POTUS   Wow realDonaldTrump DishonestDonald MedicalMarvel httpstcoeUCWBlc"
"15","The MarxistMuslim POTUS is leading America to ruin Enlist amp fight back at httpstcoitkVSiPIW Stand up nowhttpstcowgZdkb"
"16","RT DanScavino RealBenCarson speaks in New Hampshire amp introduces our next POTUS realDonaldTrump TrumpTrain MAGA USAhttpstco"
"17","RT DanScavino RealBenCarson speaks in New Hampshire amp introduces our next POTUS realDonaldTrump TrumpTrain MAGA USAhttpstco"
"18","RT librarycongress New online POTUS Zachary Taylor joins our collections of presidential papers httpstcolFJXUbotd httpstcojf"
"19","rogerkinkaid OK I never watch CNN but I will make an exception being that our next POTUS will be interviewed"
"20","RT inabster Hillarys Mystery Illness Exposed  Episodes Add Up To  DIRE Diagnosis Unfit for POTUS httpstcoqFhdVagD httpst"
"21","RT DanScavino RealBenCarson speaks in New Hampshire amp introduces our next POTUS realDonaldTrump TrumpTrain MAGA USAhttpstco"
"22","neiltyson for President  POTUS We need someone who is analytical enough to break a problem down to its core MychoicePOTUS"
"23","RT inabster What DNC is hiding Unfit to be POTUS HillaryHealth HillaryMedicalRecords NeverHillary HillaryClinton httpstcoVkgcB"
"24","RT pastormarkburns On TrumpForceOne last night with our next POTUS realDonaldTrump With DanScavino amp Steve TrumpTrain httpst"
"25","While Sec Clinton was in the Situation Room with POTUS killing Bin Laden here was birther realDonaldTrump httpstcoZQTCQyghp"
"26","RT DanScavino RealBenCarson speaks in New Hampshire amp introduces our next POTUS realDonaldTrump TrumpTrain MAGA USAhttpstco"
"27","RT pastormarkburns On TrumpForceOne last night with our next POTUS realDonaldTrump With DanScavino amp Steve TrumpTrain httpst"
"28","RT DanScavino RealBenCarson speaks in New Hampshire amp introduces our next POTUS realDonaldTrump TrumpTrain MAGA USAhttpstco"
"29","RT pastormarkburns On TrumpForceOne last night with our next POTUS realDonaldTrump With DanScavino amp Steve TrumpTrain httpst"
"30","RT POPSUGAR President Obama definitely has a way with kids POTUShttpstcoArtlOuV httpstcoxHwNzMFDtv"
"31","realDonaldTrump Clinton POTUS Polk was pressured by Democrats against Irish Famine victims and Migrants httpstcotLuWtGp MAGA"
"32","RT pastormarkburns On TrumpForceOne last night with our next POTUS realDonaldTrump With DanScavino amp Steve TrumpTrain httpst"
"33","RT pastormarkburns On TrumpForceOne last night with our next POTUS realDonaldTrump With DanScavino amp Steve TrumpTrain httpst"
"34","RT DanScavino RealBenCarson speaks in New Hampshire amp introduces our next POTUS realDonaldTrump TrumpTrain MAGA USAhttpstco"
"35","RT pastormarkburns On TrumpForceOne last night with our next POTUS realDonaldTrump With DanScavino amp Steve TrumpTrain httpst"
"36","RT DanScavino RealBenCarson speaks in New Hampshire amp introduces our next POTUS realDonaldTrump TrumpTrain MAGA USAhttpstco"
"37","RT pastormarkburns On TrumpForceOne last night with our next POTUS realDonaldTrump With DanScavino amp Steve TrumpTrain httpst"
"38","RT RealDJTrumpTeam There is only one way to end the corruption in our country Elect Donald John Trump  to be your next POTUShttp"
"39","RT DanScavino RealBenCarson speaks in New Hampshire amp introduces our next POTUS realDonaldTrump TrumpTrain MAGA USAhttpstco"
"40","RT DanScavino RealBenCarson speaks in New Hampshire amp introduces our next POTUS realDonaldTrump TrumpTrain MAGA USAhttpstco"
"41","RT pastormarkburns On TrumpForceOne last night with our next POTUS realDonaldTrump With DanScavino amp Steve TrumpTrain httpst"
"42","RT DanScavino RealBenCarson speaks in New Hampshire amp introduces our next POTUS realDonaldTrump TrumpTrain MAGA USAhttpstco"
"43","RT DanScavino RealBenCarson speaks in New Hampshire amp introduces our next POTUS realDonaldTrump TrumpTrain MAGA USAhttpstco"
"44","RT DanScavino RealBenCarson speaks in New Hampshire amp introduces our next POTUS realDonaldTrump TrumpTrain MAGA USAhttpstco"
"45","RT DanScavino RealBenCarson speaks in New Hampshire amp introduces our next POTUS realDonaldTrump TrumpTrain MAGA USAhttpstco"
"46","RT davidmeroney Scampi grammac realDonaldTrump good  POTUS should have zero ties to extremism"
"47","RT pastormarkburns On TrumpForceOne last night with our next POTUS realDonaldTrump With DanScavino amp Steve TrumpTrain httpst"
"48","RT RealScottErnst If HillaryClinton is elected POTUS I will lead a revolution to overthrow her dictatorship  She will NEVER rule over"
"49","RealJamesWoods How can anyone Vote for her Its mind blowing Clinton is more AntiAmerican than POTUS Imagine that TrueStory"
"50","Scampi grammac realDonaldTrump good  POTUS should have zero ties to extremism"
"51","TRUMP Poll numbers are starting to look very good Leading in Florida  all numbers rising Hillary potus"
"52","HouseGOP how about doing your job first like vote on POTUS  fundZika or maybe a jobs bill yall are pathetic as a party youmadeTrump"
"53","RT DanScavino RealBenCarson speaks in New Hampshire amp introduces our next POTUS realDonaldTrump TrumpTrain MAGA USAhttpstco"
"54","RT DanScavino RealBenCarson speaks in New Hampshire amp introduces our next POTUS realDonaldTrump TrumpTrain MAGA USAhttpstco"
"55","RT mpbarone AltRightMeans WE are the ones electing the next POTUS realDonaldTrump MAGA httpstcoTCDFvtJe"
"56","RT DanScavino RealBenCarson speaks in New Hampshire amp introduces our next POTUS realDonaldTrump TrumpTrain MAGA USAhttpstco"
"57","RT DanScavino RealBenCarson speaks in New Hampshire amp introduces our next POTUS realDonaldTrump TrumpTrain MAGA USAhttpstco"
"58","RT DanScavino RealBenCarson speaks in New Hampshire amp introduces our next POTUS realDonaldTrump TrumpTrain MAGA USAhttpstco"
"59","AltRightMeans WE are the ones electing the next POTUS realDonaldTrump MAGA httpstcoTCDFvtJe"
"60","RT OmidEsperanz ⁄ØŸÜÿßŸá ŸÖÿß ⁄ÜŸá ÿ®ŸàÿØ  Syrian children POTUS EU USA What was our sinCu√°l fue nuestro pecado  CNN ÿ™Ÿáÿ±ÿßŸÜÿß€åÿ±ÿßŸÜ htt"
"61","RT pastormarkburns On TrumpForceOne last night with our next POTUS realDonaldTrump With DanScavino amp Steve TrumpTrain httpst"
"62","⁄ØŸÜÿßŸá ŸÖÿß ⁄ÜŸá ÿ®ŸàÿØ  Syrian children POTUS EU USA What was our sinCu√°l fue nuestro pecado  CNN ÿ™Ÿáÿ±ÿßŸÜÿß€åÿ±ÿßŸÜ httpstcoxHNNLPMqwe"
"63","RT pastormarkburns On TrumpForceOne last night with our next POTUS realDonaldTrump With DanScavino amp Steve TrumpTrain httpst"
"64","HillaryClinton realDonaldTrump   Did the Democrats pressure POTUS James Polk and Irish Famine emigrants MAGA httpstcotLuWtGp"
"65","RT pastormarkburns On TrumpForceOne last night with our next POTUS realDonaldTrump With DanScavino amp Steve TrumpTrain httpst"
"66","RT pastormarkburns On TrumpForceOne last night with our next POTUS realDonaldTrump With DanScavino amp Steve TrumpTrain httpst"
"67","RT pastormarkburns On TrumpForceOne last night with our next POTUS realDonaldTrump With DanScavino amp Steve TrumpTrain httpst"
"68","RT pastormarkburns On TrumpForceOne last night with our next POTUS realDonaldTrump With DanScavino amp Steve TrumpTrain httpst"
"69","TRUMP So many in the AfricanAmerican community are doing so badlyI will fix it promise Hillary potus"
"70","RT DanScavino RealBenCarson speaks in New Hampshire amp introduces our next POTUS realDonaldTrump TrumpTrain MAGA USAhttpstco"
"71","RT DanScavino RealBenCarson speaks in New Hampshire amp introduces our next POTUS realDonaldTrump TrumpTrain MAGA USAhttpstco"
"72","RT RealDJTrumpTeam There is only one way to end the corruption in our country Elect Donald John Trump  to be your next POTUShttp"
"73","RT DanScavino RealBenCarson speaks in New Hampshire amp introduces our next POTUS realDonaldTrump TrumpTrain MAGA USAhttpstco"
"74","RT iloveakqj RepTrey GowdySays HillaryClinton is a Habitual Serial Liaramp Should Never Be POTUS  httpstcoahYUIlQm  https"
"75","RT DanScavino RealBenCarson speaks in New Hampshire amp introduces our next POTUS realDonaldTrump TrumpTrain MAGA USAhttpstco"
"76","RT pastormarkburns On TrumpForceOne last night with our next POTUS realDonaldTrump With DanScavino amp Steve TrumpTrain httpst"
"77","RT andersonDrLJA NO COMPANY WOULD HIRE HILLARY AS THEIR CEO THEN WHY WOULD WE CHOOSE HER AS POTUS NeverHillary HillaryJail https"
"78","RT DanScavino RealBenCarson speaks in New Hampshire amp introduces our next POTUS realDonaldTrump TrumpTrain MAGA USAhttpstco"
"79","RT RealDJTrumpTeam There is only one way to end the corruption in our country Elect Donald John Trump  to be your next POTUShttp"
"80","RT pastormarkburns On TrumpForceOne last night with our next POTUS realDonaldTrump With DanScavino amp Steve TrumpTrain httpst"
"81","RT nendaas HillaryClinton needs help getting in and out of a car HillarysHealth getting worse by the day unfit to be POTUS httpst"
"82","RT DanScavino RealBenCarson speaks in New Hampshire amp introduces our next POTUS realDonaldTrump TrumpTrain MAGA USAhttpstco"
"83","HillaryInReno Trump who inspires amp endorsed by David duke klan Putin N Korea etc cannot be potus StrongerTogether HillaryClinton"
"84","RT DanScavino RealBenCarson speaks in New Hampshire amp introduces our next POTUS realDonaldTrump TrumpTrain MAGA USAhttpstco"
"85","RT DanScavino RealBenCarson speaks in New Hampshire amp introduces our next POTUS realDonaldTrump TrumpTrain MAGA USAhttpstco"
"86","RT DanScavino RealBenCarson speaks in New Hampshire amp introduces our next POTUS realDonaldTrump TrumpTrain MAGA USAhttpstco"
"87","RT nanlupien What a great speech by our future POTUS  imwithher HillaryClinton"
"88","RT DanScavino RealBenCarson speaks in New Hampshire amp introduces our next POTUS realDonaldTrump TrumpTrain MAGA USAhttpstco"
"89","Whichever candidate for POTUS you like do your own research httpstcoOMjubGpyi blog"
"90","Whichever candidate for POTUS you like do your own research httpstcopoNwQhfyP blog"
"91","IAmAmerica speedprayers and its like weve not had the best yet to contend for the POTUS but certainly Trump isnt my kind"
"92","RT nendaas HillaryClinton needs help getting in and out of a car HillarysHealth getting worse by the day unfit to be POTUS httpst"
"93","JOEBiden always threatening impeachment to Rs but his own boss POTUS has broken the law over and over and Joe is silent HeyTammyBruce"
"94","RT pastormarkburns On TrumpForceOne last night with our next POTUS realDonaldTrump With DanScavino amp Steve TrumpTrain httpst"
"95","RT DanScavino RealBenCarson speaks in New Hampshire amp introduces our next POTUS realDonaldTrump TrumpTrain MAGA USAhttpstco"
"96","RT DanScavino RealBenCarson speaks in New Hampshire amp introduces our next POTUS realDonaldTrump TrumpTrain MAGA USAhttpstco"
"97","Moderators should AskTheRobotQuestion of s POTUS candidates What is their stance on workforce automation httpstcoSFKBIopn"
"98","RT DanScavino RealBenCarson speaks in New Hampshire amp introduces our next POTUS realDonaldTrump TrumpTrain MAGA USAhttpstco"
"99","RT pastormarkburns On TrumpForceOne last night with our next POTUS realDonaldTrump With DanScavino amp Steve TrumpTrain httpst"
"100","The latest History Happenings  httpstcoyqtdJZLpU nps potus"
"101","What a great speech by our future POTUS  imwithher HillaryClinton"
"102","Gloves off Im so proud of our future POTUS HillaryClinton for calling out Trump and the altright ImWithHer httpstcoUuiPdtBgo"
"103","RT DanScavino RealBenCarson speaks in New Hampshire amp introduces our next POTUS realDonaldTrump TrumpTrain MAGA USAhttpstco"
"104","Lessbig enoughmoreConfident enough to speak publiclyNormalization of Trumps behavior years of BLK POTUS httpstcoZqshiEeiK"
"105","RT pastormarkburns On TrumpForceOne last night with our next POTUS realDonaldTrump With DanScavino amp Steve TrumpTrain httpst"
"106","RT andersonDrLJA NO COMPANY WOULD HIRE HILLARY AS THEIR CEO THEN WHY WOULD WE CHOOSE HER AS POTUS NeverHillary HillaryJail https"
"107","RT pastormarkburns On TrumpForceOne last night with our next POTUS realDonaldTrump With DanScavino amp Steve TrumpTrain httpst"
"108","RT Cagsil Congress corruptSCOTUS corruptPOTUS corruptEPACDC corruptUSDAFDA corruptSECFTC corruptExpecting good results"
"109","RT pastormarkburns On TrumpForceOne last night with our next POTUS realDonaldTrump With DanScavino amp Steve TrumpTrain httpst"
"110","This is nice to know if crap hits the fan or HillaryClinton gets elected POTUS httpstcoxLplIwwKnG"
"111","RT RealScottErnst If HillaryClinton is elected POTUS I will lead a revolution to overthrow her dictatorship  She will NEVER rule over"
"112","RT pastormarkburns On TrumpForceOne last night with our next POTUS realDonaldTrump With DanScavino amp Steve TrumpTrain httpst"
"113","RT DanScavino RealBenCarson speaks in New Hampshire amp introduces our next POTUS realDonaldTrump TrumpTrain MAGA USAhttpstco"
"114","RT DanScavino RealBenCarson speaks in New Hampshire amp introduces our next POTUS realDonaldTrump TrumpTrain MAGA USAhttpstco"
"115","terrorism blasts attack Knowledge is power siteWe got him said POTUS Did distrust help httpstcocOesXloo httpstcouOHeXhdOz"
"116","RT notadrum RapUp Kanye West will reportedly have four years to do whatever he wants as POTUS"
"117","RT DanScavino RealBenCarson speaks in New Hampshire amp introduces our next POTUS realDonaldTrump TrumpTrain MAGA USAhttpstco"
"118","IF HITLER WAS POTUS Hed say this There Are Reasons For Us Withholding This Information  Confidentiality httpstcomsYnewLSdE tcot"
"119","HillaryforPrision NeverKillary NeverForgetBenghazi IraqWar Lybia With realDonaldTrump being POTUS MAGA  httpstcoGRVyMqJJfr"
"120","RT AlBaldasaro Attending the Manchester NH realDonaldTrump rally What a great motivated crowd waiting on the next POTUS httpstco"
"121","RT pastormarkburns On TrumpForceOne last night with our next POTUS realDonaldTrump With DanScavino amp Steve TrumpTrain httpst"
"122","RT pastormarkburns On TrumpForceOne last night with our next POTUS realDonaldTrump With DanScavino amp Steve TrumpTrain httpst"
"123","RT DanScavino RealBenCarson speaks in New Hampshire amp introduces our next POTUS realDonaldTrump TrumpTrain MAGA USAhttpstco"
"124","RT DanScavino RealBenCarson speaks in New Hampshire amp introduces our next POTUS realDonaldTrump TrumpTrain MAGA USAhttpstco"
"125","RT pastormarkburns On TrumpForceOne last night with our next POTUS realDonaldTrump With DanScavino amp Steve TrumpTrain httpst"
"126","RT DanScavino RealBenCarson speaks in New Hampshire amp introduces our next POTUS realDonaldTrump TrumpTrain MAGA USAhttpstco"
"127","RT DanScavino RealBenCarson speaks in New Hampshire amp introduces our next POTUS realDonaldTrump TrumpTrain MAGA USAhttpstco"
"128","RT andersonDrLJA NO COMPANY WOULD HIRE HILLARY AS THEIR CEO THEN WHY WOULD WE CHOOSE HER AS POTUS NeverHillary HillaryJail https"
"129","RT pastormarkburns On TrumpForceOne last night with our next POTUS realDonaldTrump With DanScavino amp Steve TrumpTrain httpst"
"130","Thnx U HillaryClinton as opposed to DonaldTrump who threw out nothing but lies amp accusations She again showcased why she should be POTUS"
"131","RT DanScavino RealBenCarson speaks in New Hampshire amp introduces our next POTUS realDonaldTrump TrumpTrain MAGA USAhttpstco"
"132","RT pastormarkburns On TrumpForceOne last night with our next POTUS realDonaldTrump With DanScavino amp Steve TrumpTrain httpst"
"133","RT pastormarkburns On TrumpForceOne last night with our next POTUS realDonaldTrump With DanScavino amp Steve TrumpTrain httpst"
"134","RT DanScavino RealBenCarson speaks in New Hampshire amp introduces our next POTUS realDonaldTrump TrumpTrain MAGA USAhttpstco"
"135","RT pastormarkburns On TrumpForceOne last night with our next POTUS realDonaldTrump With DanScavino amp Steve TrumpTrain httpst"
"136","RT pastormarkburns On TrumpForceOne last night with our next POTUS realDonaldTrump With DanScavino amp Steve TrumpTrain httpst"
"137","In a parallel universe instead of Presidents George Bush amp Bill Clinton let there be Prez George Clinton potus httpstcotzEszZp"
"138","politico HillaryClinton And THATS why NeverHillary Nov  WE THE PEOPLE will vote realDonaldTrump as our next POTUS"
"139","RT pastormarkburns On TrumpForceOne last night with our next POTUS realDonaldTrump With DanScavino amp Steve TrumpTrain httpst"
"140","DONT DO to HillaryClinton what we did to BarackObama vote Blue  POTUS but stick her w a Red Congress House amp Senate are key ctl"
"141","Viceland for president  fuckthatsdelicious potus httpstcofpGSiMlMa"
"142","RT pastormarkburns On TrumpForceOne last night with our next POTUS realDonaldTrump With DanScavino amp Steve TrumpTrain httpst"
"143","RT USFreedomArmy Our MarxistMuslim POTUS okays the nonsense Stand for the USA Enlist with us at httpstcooSPeYQMpH Join https"
"144","This is why JebBush is one of  million Americans more qualified to be POTUS than Trump or Hillary httpstcogMeORGFTw"
"145","RT librarycongress New online POTUS Zachary Taylor joins our collections of presidential papers httpstcolFJXUbotd httpstcojf"
"146","NeverHillary HillaryforPrision MAGA Vote   realDonaldTrump  our next POTUS He loves this country amp people httpstcoOxdVbAgLn"
"147","RT DanScavino RealBenCarson speaks in New Hampshire amp introduces our next POTUS realDonaldTrump TrumpTrain MAGA USAhttpstco"
"148","RT pastormarkburns On TrumpForceOne last night with our next POTUS realDonaldTrump With DanScavino amp Steve TrumpTrain httpst"
"149","RT pastormarkburns On TrumpForceOne last night with our next POTUS realDonaldTrump With DanScavino amp Steve TrumpTrain httpst"
"150","say what you will deny what you want HillaryClinton is INSPIRING AMAZING and STRONGMy kind of POTUS"
"151","RT pastormarkburns On TrumpForceOne last night with our next POTUS realDonaldTrump With DanScavino amp Steve TrumpTrain httpst"
"152","Cant wait to see HillaryClinton enjoy this view amp take her oath of office as our next POTUS HillYes ImWithHer httpstcoNkuaVoX"
"153","RT DanScavino RealBenCarson speaks in New Hampshire amp introduces our next POTUS realDonaldTrump TrumpTrain MAGA USAhttpstco"
"154","RT DanScavino RealBenCarson speaks in New Hampshire amp introduces our next POTUS realDonaldTrump TrumpTrain MAGA USAhttpstco"
"155","RT AlBaldasaro Attending the Manchester NH realDonaldTrump rally What a great motivated crowd waiting on the next POTUS httpstco"
"156","RT pastormarkburns On TrumpForceOne last night with our next POTUS realDonaldTrump With DanScavino amp Steve TrumpTrain httpst"
"157","RT DanScavino RealBenCarson speaks in New Hampshire amp introduces our next POTUS realDonaldTrump TrumpTrain MAGA USAhttpstco"
"158","RT theUKtoday rothschild wants the criminal corrupt nut case hitleryclinto as POTUS so guess what folks thats exactly what will h"
"159","RT Modesty MORROW N theaters NATIONWIDE Southside With You  The story of POTUS amp FLOTUS  iamtikasumpter ParkerSawyers https"
"160","See GreenPartyUS POTUS candidate DrJillStein in Detroit Eastern Market Sept  httpstcooQotPVYm WeAreGreen VoteGreen"
"161","RT AnonymousMsBig KKK David Duke cheers  realDonaldTrump amp Breitbart love fest This maybe our POTUS  SMShow maddow lastword  htt"
"162","RT PunkyPaneteddo ABC CBSNews seems more interested in hammering realDonaldTrump than showing POTUS at the LouisianaFlood httpst"
"163","RT pastormarkburns On TrumpForceOne last night with our next POTUS realDonaldTrump With DanScavino amp Steve TrumpTrain httpst"
"164","RT DanScavino RealBenCarson speaks in New Hampshire amp introduces our next POTUS realDonaldTrump TrumpTrain MAGA USAhttpstco"
"165","RT VerbleGherulous If this society had any hope of being considered rational then the GOP nominee for POTUS would be treated as entert"
"166","RT DanScavino RealBenCarson speaks in New Hampshire amp introduces our next POTUS realDonaldTrump TrumpTrain MAGA USAhttpstco"
"167","RT pastormarkburns On TrumpForceOne last night with our next POTUS realDonaldTrump With DanScavino amp Steve TrumpTrain httpst"
"168","RT DanScavino RealBenCarson speaks in New Hampshire amp introduces our next POTUS realDonaldTrump TrumpTrain MAGA USAhttpstco"
"169","RT DanScavino RealBenCarson speaks in New Hampshire amp introduces our next POTUS realDonaldTrump TrumpTrain MAGA USAhttpstco"
"170","ABC CBSNews seems more interested in hammering realDonaldTrump than showing POTUS at the LouisianaFlood httpstcoYvGibcU"
"171","RT DanScavino RealBenCarson speaks in New Hampshire amp introduces our next POTUS realDonaldTrump TrumpTrain MAGA USAhttpstco"
"172","RT RealScottErnst If HillaryClinton is elected POTUS I will lead a revolution to overthrow her dictatorship  She will NEVER rule over"
"173","RT DanScavino RealBenCarson speaks in New Hampshire amp introduces our next POTUS realDonaldTrump TrumpTrain MAGA USAhttpstco"
"174","RT DanScavino RealBenCarson speaks in New Hampshire amp introduces our next POTUS realDonaldTrump TrumpTrain MAGA USAhttpstco"
"175","RT pastormarkburns On TrumpForceOne last night with our next POTUS realDonaldTrump With DanScavino amp Steve TrumpTrain httpst"
"176","RT pastormarkburns On TrumpForceOne last night with our next POTUS realDonaldTrump With DanScavino amp Steve TrumpTrain httpst"
"177","RT pastormarkburns On TrumpForceOne last night with our next POTUS realDonaldTrump With DanScavino amp Steve TrumpTrain httpst"
"178","RT DanScavino RealBenCarson speaks in New Hampshire amp introduces our next POTUS realDonaldTrump TrumpTrain MAGA USAhttpstco"
"179","RT DanScavino RealBenCarson speaks in New Hampshire amp introduces our next POTUS realDonaldTrump TrumpTrain MAGA USAhttpstco"
"180","RT pastormarkburns On TrumpForceOne last night with our next POTUS realDonaldTrump With DanScavino amp Steve TrumpTrain httpst"
"181","RT JKPolkSHS The NatlParkService is HBD The Interior which NPS falls under was created under POTUS Polk NPS httpstc"
"182","RT pastormarkburns On TrumpForceOne last night with our next POTUS realDonaldTrump With DanScavino amp Steve TrumpTrain httpst"
"183","RT DanScavino RealBenCarson speaks in New Hampshire amp introduces our next POTUS realDonaldTrump TrumpTrain MAGA USAhttpstco"
"184","Being at the right place and at the right time how fortunate can this POTUS be Till another  years httpstcoAnHFBkuv"
"185","RT DanScavino RealBenCarson speaks in New Hampshire amp introduces our next POTUS realDonaldTrump TrumpTrain MAGA USAhttpstco"
"186","RT pastormarkburns On TrumpForceOne last night with our next POTUS realDonaldTrump With DanScavino amp Steve TrumpTrain httpst"
"187","RT DanScavino RealBenCarson speaks in New Hampshire amp introduces our next POTUS realDonaldTrump TrumpTrain MAGA USAhttpstco"
"188","RT DanScavino RealBenCarson speaks in New Hampshire amp introduces our next POTUS realDonaldTrump TrumpTrain MAGA USAhttpstco"
"189","RT DanScavino RealBenCarson speaks in New Hampshire amp introduces our next POTUS realDonaldTrump TrumpTrain MAGA USAhttpstco"
"190","RT pastormarkburns On TrumpForceOne last night with our next POTUS realDonaldTrump With DanScavino amp Steve TrumpTrain httpst"
"191","RT DanScavino RealBenCarson speaks in New Hampshire amp introduces our next POTUS realDonaldTrump TrumpTrain MAGA USAhttpstco"
"192","RT pastormarkburns On TrumpForceOne last night with our next POTUS realDonaldTrump With DanScavino amp Steve TrumpTrain httpst"
"193","RT TeslaIndy JayS KyTrumpMAGA realDonaldTrump Great response from our future POTUS  Thanks Mr Trump  WomenTRUMP"
"194","shannonworle SpeakerRyan POTUS"
"195","RT DanScavino RealBenCarson speaks in New Hampshire amp introduces our next POTUS realDonaldTrump TrumpTrain MAGA USAhttpstco"
"196","RT truevisualpoet TheDemocrats I trust HillaryClinton IAmWithHer StrongerTogether HillaryClinton POTUS InaugurationReality politi"
"197","RT DanScavino RealBenCarson speaks in New Hampshire amp introduces our next POTUS realDonaldTrump TrumpTrain MAGA USAhttpstco"
"198","So sadyet so true Worst POTUS Ever BatonRougeFlood  httpstcopnsZpUH"
"199","RT FindMyAudience Barack Obamas Summer Reading List  POTUS Has Good Taste reading summerbooks httpstcopWLySDDt"
"200","Odd for a foreign politician to stump for POTUS candidate I dont get NigelFarage at all Seems like a windbag httpstcotqLYklqL"
"201","RT pastormarkburns On TrumpForceOne last night with our next POTUS realDonaldTrump With DanScavino amp Steve TrumpTrain httpst"
"202","RT DanScavino RealBenCarson speaks in New Hampshire amp introduces our next POTUS realDonaldTrump TrumpTrain MAGA USAhttpstco"
"203","RT DanScavino RealBenCarson speaks in New Hampshire amp introduces our next POTUS realDonaldTrump TrumpTrain MAGA USAhttpstco"
"204","RT pastormarkburns On TrumpForceOne last night with our next POTUS realDonaldTrump With DanScavino amp Steve TrumpTrain httpst"
"205","RT pastormarkburns On TrumpForceOne last night with our next POTUS realDonaldTrump With DanScavino amp Steve TrumpTrain httpst"
"206","RT DanScavino RealBenCarson speaks in New Hampshire amp introduces our next POTUS realDonaldTrump TrumpTrain MAGA USAhttpstco"
"207","RT DanScavino RealBenCarson speaks in New Hampshire amp introduces our next POTUS realDonaldTrump TrumpTrain MAGA USAhttpstco"
"208","RT DanScavino RealBenCarson speaks in New Hampshire amp introduces our next POTUS realDonaldTrump TrumpTrain MAGA USAhttpstco"
"209","RT pastormarkburns On TrumpForceOne last night with our next POTUS realDonaldTrump With DanScavino amp Steve TrumpTrain httpst"
"210","RT pastormarkburns On TrumpForceOne last night with our next POTUS realDonaldTrump With DanScavino amp Steve TrumpTrain httpst"
"211","RT Cagsil Remove CONGRESSRemove SCOTUSRemove POTUSAll GUILTY TREASONDebt Fraud EndTheFed Tyranny Treason httpstcoTs"
"212","RT pastormarkburns On TrumpForceOne last night with our next POTUS realDonaldTrump With DanScavino amp Steve TrumpTrain httpst"
"213","RT DanScavino RealBenCarson speaks in New Hampshire amp introduces our next POTUS realDonaldTrump TrumpTrain MAGA USAhttpstco"
"214","rothschild wants the criminal corrupt nut case hitleryclinto as POTUS so guess what folks thats exactly what will happen"
"215","RT Cagsil Remove CONGRESSRemove SCOTUSRemove POTUSAll GUILTY TREASONDebt Fraud EndTheFed Tyranny Treason httpstcoTs"
"216","RT FuckBarrelPAC ImWithHer ClintonFoundation ClintonCash CrookedHillary Libya FreePalestine BDS POTUS JillNotHill Bernie https"
"217","RT DanScavino RealBenCarson speaks in New Hampshire amp introduces our next POTUS realDonaldTrump TrumpTrain MAGA USAhttpstco"
"218","RT AlBaldasaro Attending the Manchester NH realDonaldTrump rally What a great motivated crowd waiting on the next POTUS httpstco"
"219","RT DanScavino RealBenCarson speaks in New Hampshire amp introduces our next POTUS realDonaldTrump TrumpTrain MAGA USAhttpstco"
"220","RT pastormarkburns On TrumpForceOne last night with our next POTUS realDonaldTrump With DanScavino amp Steve TrumpTrain httpst"
"221","Here it comes ladies and gents The candidates for POTUS are going to unload on each other for keeps httpstcoypyZIWICd"
"222","RT DanScavino RealBenCarson speaks in New Hampshire amp introduces our next POTUS realDonaldTrump TrumpTrain MAGA USAhttpstco"
"223","RT truevisualpoet TheDemocrats I trust HillaryClinton IAmWithHer StrongerTogether HillaryClinton POTUS InaugurationReality politi"
"224","RT RealScottErnst If HillaryClinton is elected POTUS I will lead a revolution to overthrow her dictatorship  She will NEVER rule over"
"225","RT DanScavino RealBenCarson speaks in New Hampshire amp introduces our next POTUS realDonaldTrump TrumpTrain MAGA USAhttpstco"
"226","RT pastormarkburns On TrumpForceOne last night with our next POTUS realDonaldTrump With DanScavino amp Steve TrumpTrain httpst"
"227","RT pastormarkburns On TrumpForceOne last night with our next POTUS realDonaldTrump With DanScavino amp Steve TrumpTrain httpst"
"228","RT DanScavino RealBenCarson speaks in New Hampshire amp introduces our next POTUS realDonaldTrump TrumpTrain MAGA USAhttpstco"
"229","RT markselby we are in a resistance of freedom by our ElectedOfficials by stopping freedom of speech amp Unconstitutional POTUS http"
"230","RT DanScavino RealBenCarson speaks in New Hampshire amp introduces our next POTUS realDonaldTrump TrumpTrain MAGA USAhttpstco"
"231","Hillary is NOT fit to even think about being POTUS  LyingCrookedHillary LockHerUp HillaryInReno ‚õì‚õì‚õìÌ†ΩÌ∑ù httpstcoIJbaeawzu"
"232","RT DanScavino RealBenCarson speaks in New Hampshire amp introduces our next POTUS realDonaldTrump TrumpTrain MAGA USAhttpstco"
"233","TheDemocrats I trust HillaryClinton IAmWithHer StrongerTogether HillaryClinton POTUS InaugurationReality politics peace"
"234","RT DanScavino RealBenCarson speaks in New Hampshire amp introduces our next POTUS realDonaldTrump TrumpTrain MAGA USAhttpstco"
"235","RT DanScavino RealBenCarson speaks in New Hampshire amp introduces our next POTUS realDonaldTrump TrumpTrain MAGA USAhttpstco"
"236","Brilliant speech from HillaryClinton the next POTUS  we need to take out the TrumpTrash immediately He is a cancerous sore on America"
"237","RT pastormarkburns On TrumpForceOne last night with our next POTUS realDonaldTrump With DanScavino amp Steve TrumpTrain httpst"
"238","RT DanScavino RealBenCarson speaks in New Hampshire amp introduces our next POTUS realDonaldTrump TrumpTrain MAGA USAhttpstco"
"239","RT DanScavino RealBenCarson speaks in New Hampshire amp introduces our next POTUS realDonaldTrump TrumpTrain MAGA USAhttpstco"
"240","RT nureality as POTUS I promise to blow every statesman the world overHillaryClinton raising taxes on the middle class https"
"241","RT pastormarkburns On TrumpForceOne last night with our next POTUS realDonaldTrump With DanScavino amp Steve TrumpTrain httpst"
"242","RT pastormarkburns On TrumpForceOne last night with our next POTUS realDonaldTrump With DanScavino amp Steve TrumpTrain httpst"
"243","RT DanScavino RealBenCarson speaks in New Hampshire amp introduces our next POTUS realDonaldTrump TrumpTrain MAGA USAhttpstco"
"244","RT pastormarkburns On TrumpForceOne last night with our next POTUS realDonaldTrump With DanScavino amp Steve TrumpTrain httpst"
"245","we are in a resistance of freedom by our ElectedOfficials by stopping freedom of speech amp Unconstitutional POTUS httpstcoWgpEgcGne"
"246","RT DanScavino RealBenCarson speaks in New Hampshire amp introduces our next POTUS realDonaldTrump TrumpTrain MAGA USAhttpstco"
"247","RT DanScavino RealBenCarson speaks in New Hampshire amp introduces our next POTUS realDonaldTrump TrumpTrain MAGA USAhttpstco"
"248","RT pastormarkburns On TrumpForceOne last night with our next POTUS realDonaldTrump With DanScavino amp Steve TrumpTrain httpst"
"249","RT DanScavino RealBenCarson speaks in New Hampshire amp introduces our next POTUS realDonaldTrump TrumpTrain MAGA USAhttpstco"
"250","RT RealScottErnst If HillaryClinton is elected POTUS I will lead a revolution to overthrow her dictatorship  She will NEVER rule over"
"251","RT DanScavino RealBenCarson speaks in New Hampshire amp introduces our next POTUS realDonaldTrump TrumpTrain MAGA USAhttpstco"
"252","RT DanScavino RealBenCarson speaks in New Hampshire amp introduces our next POTUS realDonaldTrump TrumpTrain MAGA USAhttpstco"
"253","RT pastormarkburns On TrumpForceOne last night with our next POTUS realDonaldTrump With DanScavino amp Steve TrumpTrain httpst"
"254","RT Billybeeswife chuckwoolery When a swimming jock is held more responsible for lies than the future possible potus cnn NBCNews Fox"
"255","janekleeb JamiaStarheart POTUS potus says it all"
"256","NoDAPL POTUS where you at StandingRock POTUS BarackObama ObamaOut"
"257","RT Scherlie Be heard Register to vote DaybyDay ImWithHer POTUS HillaryClinton FlaDems httpstcoKPeZGFg"
"258","RT DanScavino RealBenCarson speaks in New Hampshire amp introduces our next POTUS realDonaldTrump TrumpTrain MAGA USAhttpstco"
"259","RT pastormarkburns On TrumpForceOne last night with our next POTUS realDonaldTrump With DanScavino amp Steve TrumpTrain httpst"
"260","RT RealScottErnst If HillaryClinton is elected POTUS I will lead a revolution to overthrow her dictatorship  She will NEVER rule over"
"261","RT RealScottErnst If HillaryClinton is elected POTUS I will lead a revolution to overthrow her dictatorship  She will NEVER rule over"
"262","RT DanScavino RealBenCarson speaks in New Hampshire amp introduces our next POTUS realDonaldTrump TrumpTrain MAGA USAhttpstco"
"263","RT pastormarkburns On TrumpForceOne last night with our next POTUS realDonaldTrump With DanScavino amp Steve TrumpTrain httpst"
"264","RT pastormarkburns On TrumpForceOne last night with our next POTUS realDonaldTrump With DanScavino amp Steve TrumpTrain httpst"
"265","RT DanScavino RealBenCarson speaks in New Hampshire amp introduces our next POTUS realDonaldTrump TrumpTrain MAGA USAhttpstco"
"266","RT DanScavino RealBenCarson speaks in New Hampshire amp introduces our next POTUS realDonaldTrump TrumpTrain MAGA USAhttpstco"
"267","RT DanScavino RealBenCarson speaks in New Hampshire amp introduces our next POTUS realDonaldTrump TrumpTrain MAGA USAhttpstco"
"268","RT DanScavino RealBenCarson speaks in New Hampshire amp introduces our next POTUS realDonaldTrump TrumpTrain MAGA USAhttpstco"
"269","RT RealScottErnst If HillaryClinton is elected POTUS I will lead a revolution to overthrow her dictatorship  She will NEVER rule over"
"270","RT DanScavino RealBenCarson speaks in New Hampshire amp introduces our next POTUS realDonaldTrump TrumpTrain MAGA USAhttpstco"
"271","RT DanScavino RealBenCarson speaks in New Hampshire amp introduces our next POTUS realDonaldTrump TrumpTrain MAGA USAhttpstco"
"272","RealDonaldTrump shld not be POTUS solely bc he refuses to release his tax returnsHe trying to hoodwink the ppl amp steal this election"
"273","RT pastormarkburns On TrumpForceOne last night with our next POTUS realDonaldTrump With DanScavino amp Steve TrumpTrain httpst"
"274","RT DanScavino RealBenCarson speaks in New Hampshire amp introduces our next POTUS realDonaldTrump TrumpTrain MAGA USAhttpstco"
"275","RT librarycongress New online POTUS Zachary Taylor joins our collections of presidential papers httpstcolFJXUbotd httpstcojf"
"276","RT DanScavino RealBenCarson speaks in New Hampshire amp introduces our next POTUS realDonaldTrump TrumpTrain MAGA USAhttpstco"
"277","RT RealScottErnst If HillaryClinton is elected POTUS I will lead a revolution to overthrow her dictatorship  She will NEVER rule over"
"278","RT DanScavino RealBenCarson speaks in New Hampshire amp introduces our next POTUS realDonaldTrump TrumpTrain MAGA USAhttpstco"
"279","RT DanScavino RealBenCarson speaks in New Hampshire amp introduces our next POTUS realDonaldTrump TrumpTrain MAGA USAhttpstco"
"280","If HillaryClinton is elected POTUS I will lead a revolution to overthrow her dictatorship  She will NEVER rule over me"
"281","RT DanScavino RealBenCarson speaks in New Hampshire amp introduces our next POTUS realDonaldTrump TrumpTrain MAGA USAhttpstco"
"282","RT muchmoresalt DanScavino RealBenCarson speaks in New Hampshire amp introduces our next POTUS realDonaldTrump TrumpTrain MAG https"
"283","RT pastormarkburns On TrumpForceOne last night with our next POTUS realDonaldTrump With DanScavino amp Steve TrumpTrain httpst"
"284","RT pastormarkburns On TrumpForceOne last night with our next POTUS realDonaldTrump With DanScavino amp Steve TrumpTrain httpst"
"285","RT pastormarkburns On TrumpForceOne last night with our next POTUS realDonaldTrump With DanScavino amp Steve TrumpTrain httpst"
"286","CindyHearn christianross EvanMcMullin supporters believe U have  be PC amp polite potus has a  approval rating so everything is dandy"
"287","RT MiddleClazzMom HillaryClinton is a SUPER PREDATOR ON THE MINORITY VOTE  THE OFFICESECRETARY OF STATE AND IF ELECTED POTUS Ì†ΩÌ∏± http"
"288","RT notadrum RapUp Kanye West will reportedly have four years to do whatever he wants as POTUS"
"289","RT DanScavino RealBenCarson speaks in New Hampshire amp introduces our next POTUS realDonaldTrump TrumpTrain MAGA USAhttpstco"
"290","HillaryClinton Your not fit to be POTUS Pathological LIAR"
"291","RT DanScavino RealBenCarson speaks in New Hampshire amp introduces our next POTUS realDonaldTrump TrumpTrain MAGA USAhttpstco"
"292","This is not a campaign speech This is a public address If you want an idea of HillaryClinton as POTUS this is it and its wonderful"
"293","RT DanScavino RealBenCarson speaks in New Hampshire amp introduces our next POTUS realDonaldTrump TrumpTrain MAGA USAhttpstco"
"294","RT DanScavino RealBenCarson speaks in New Hampshire amp introduces our next POTUS realDonaldTrump TrumpTrain MAGA USAhttpstco"
"295","RT pastormarkburns On TrumpForceOne last night with our next POTUS realDonaldTrump With DanScavino amp Steve TrumpTrain httpst"
"296","RT MiddleClazzMom HillaryClinton is a SUPER PREDATOR ON THE MINORITY VOTE  THE OFFICESECRETARY OF STATE AND IF ELECTED POTUS Ì†ΩÌ∏± http"
"297","RT DanScavino RealBenCarson speaks in New Hampshire amp introduces our next POTUS realDonaldTrump TrumpTrain MAGA USAhttpstco"
"298","RT DanScavino RealBenCarson speaks in New Hampshire amp introduces our next POTUS realDonaldTrump TrumpTrain MAGA USAhttpstco"
"299","RT DanScavino RealBenCarson speaks in New Hampshire amp introduces our next POTUS realDonaldTrump TrumpTrain MAGA USAhttpstco"
"300","RT CarmineSabia Hillary wants to be POTUS Needs step stool to get into car AltRightMeans release the medical records httpstcoZV"
"301","RT DanScavino RealBenCarson speaks in New Hampshire amp introduces our next POTUS realDonaldTrump TrumpTrain MAGA USAhttpstco"
"302","RT pastormarkburns On TrumpForceOne last night with our next POTUS realDonaldTrump With DanScavino amp Steve TrumpTrain httpst"
"303","As per ChrisChristie the st thing Trump wants to do when he gets into office is fire everyone put in place by the Potus"
"304","RT pastormarkburns On TrumpForceOne last night with our next POTUS realDonaldTrump With DanScavino amp Steve TrumpTrain httpst"
"305","RT DanScavino RealBenCarson speaks in New Hampshire amp introduces our next POTUS realDonaldTrump TrumpTrain MAGA USAhttpstco"
"306","RT DanScavino RealBenCarson speaks in New Hampshire amp introduces our next POTUS realDonaldTrump TrumpTrain MAGA USAhttpstco"
"307","RT DanScavino RealBenCarson speaks in New Hampshire amp introduces our next POTUS realDonaldTrump TrumpTrain MAGA USAhttpstco"
"308","RT DanScavino RealBenCarson speaks in New Hampshire amp introduces our next POTUS realDonaldTrump TrumpTrain MAGA USAhttpstco"
"309","RT DanScavino RealBenCarson speaks in New Hampshire amp introduces our next POTUS realDonaldTrump TrumpTrain MAGA USAhttpstco"
"310","RT DanScavino RealBenCarson speaks in New Hampshire amp introduces our next POTUS realDonaldTrump TrumpTrain MAGA USAhttpstco"
"311","Nice job in Nevada today hillaryclinton glad youre holding Trump to his lies low morals amp poor leadership decisions POTUS"
"312","NEW PODCASTFAQ and ANSWERS FINDING CHANGE httpstcoUxEiFqbUBy thursday podcast faith family Obama POTUS education advice"
"313","HillaryClinton If you dont understand diff btwn immigrant and illegal alien why are you running for POTUS CrookedHillary TCOT"
"314","RT pastormarkburns On TrumpForceOne last night with our next POTUS realDonaldTrump With DanScavino amp Steve TrumpTrain httpst"
"315","RT DanScavino RealBenCarson speaks in New Hampshire amp introduces our next POTUS realDonaldTrump TrumpTrain MAGA USAhttpstco"
"316","RT andersonDrLJA NO COMPANY WOULD HIRE HILLARY AS THEIR CEO THEN WHY WOULD WE CHOOSE HER AS POTUS NeverHillary HillaryJail https"
"317","RT DanScavino RealBenCarson speaks in New Hampshire amp introduces our next POTUS realDonaldTrump TrumpTrain MAGA USAhttpstco"
"318","RT DanScavino RealBenCarson speaks in New Hampshire amp introduces our next POTUS realDonaldTrump TrumpTrain MAGA USAhttpstco"
"319","RT muchmoresalt DanScavino RealBenCarson speaks in New Hampshire amp introduces our next POTUS realDonaldTrump TrumpTrain MAG https"
"320","JayS KyTrumpMAGA realDonaldTrump Great response from our future POTUS  Thanks Mr Trump  WomenTRUMP"
"321","RT DanScavino RealBenCarson speaks in New Hampshire amp introduces our next POTUS realDonaldTrump TrumpTrain MAGA USAhttpstco"
"322","RT pastormarkburns On TrumpForceOne last night with our next POTUS realDonaldTrump With DanScavino amp Steve TrumpTrain httpst"
"323","RT DanScavino RealBenCarson speaks in New Hampshire amp introduces our next POTUS realDonaldTrump TrumpTrain MAGA USAhttpstco"
"324","RT DanScavino RealBenCarson speaks in New Hampshire amp introduces our next POTUS realDonaldTrump TrumpTrain MAGA USAhttpstco"
"325","as POTUS I promise to blow every statesman the world overHillaryClinton raising taxes on the middle class httpstcoIXcqbNcSv"
"326","RT notadrum RapUp Kanye West will reportedly have four years to do whatever he wants as POTUS"
"327","RT pastormarkburns On TrumpForceOne last night with our next POTUS realDonaldTrump With DanScavino amp Steve TrumpTrain httpst"
"328","RT pastormarkburns On TrumpForceOne last night with our next POTUS realDonaldTrump With DanScavino amp Steve TrumpTrain httpst"
"329","RT librarycongress New online POTUS Zachary Taylor joins our collections of presidential papers httpstcolFJXUbotd httpstcojf"
"330","RT librarycongress New online POTUS Zachary Taylor joins our collections of presidential papers httpstcolFJXUbotd httpstcojf"
"331","HillaryClinton is a lying deceitful woman who should NEVER be considered for POTUS AltRightMeans LockHerUp ‚õìÌ†ΩÌ∑ù httpstcosGbbEX"
"332","RT DanScavino RealBenCarson speaks in New Hampshire amp introduces our next POTUS realDonaldTrump TrumpTrain MAGA USAhttpstco"
"333","RT DarleneHBrook I agree more w what these Americans had to say about the two candidates running for POTUS mturnersc jeffgully htt"
"334","RT pastormarkburns On TrumpForceOne last night with our next POTUS realDonaldTrump With DanScavino amp Steve TrumpTrain httpst"
"335","RT Rackinashzure You made a promise to the StandingRockReservation and our people all together Keep it NoDAPL POTUS FLOTUS SWO htt"
"336","RT DanScavino RealBenCarson speaks in New Hampshire amp introduces our next POTUS realDonaldTrump TrumpTrain MAGA USAhttpstco"
"337","RT DanScavino RealBenCarson speaks in New Hampshire amp introduces our next POTUS realDonaldTrump TrumpTrain MAGA USAhttpstco"
"338","RT pastormarkburns On TrumpForceOne last night with our next POTUS realDonaldTrump With DanScavino amp Steve TrumpTrain httpst"
"339","RT DanScavino RealBenCarson speaks in New Hampshire amp introduces our next POTUS realDonaldTrump TrumpTrain MAGA USAhttpstco"
"340","RT librarycongress New online POTUS Zachary Taylor joins our collections of presidential papers httpstcolFJXUbotd httpstcojf"
"341","RT muchmoresalt DanScavino RealBenCarson speaks in New Hampshire amp introduces our next POTUS realDonaldTrump TrumpTrain MAG https"
"342","RT andersonDrLJA NO COMPANY WOULD HIRE HILLARY AS THEIR CEO THEN WHY WOULD WE CHOOSE HER AS POTUS NeverHillary HillaryJail https"
"343","EveODestruction Just for wearing this outfit HillaryClinton should be banned from running for POTUS"
"344","RT pastormarkburns On TrumpForceOne last night with our next POTUS realDonaldTrump With DanScavino amp Steve TrumpTrain httpst"
"345","RTdWhiteHouseNatlParkService PSPrevTWT ABSOLUTELYno familiaritiesampNoteagerAtAll Hes no more POTUSOfCourse"
"346","WSJ Pretty sure this is not true A jock swimmer is held more responsible for his lies than possible potus She is a disgrace"
"347","President Obama creates time watching a Virtual Reality film httpstcoPiQSDXvCc POTUS VirtualReality Lekeleo httpstcofZVwHSKMl"
"348","HillaryClinton says she wants to lower taxes amp be the small business POTUS And realDonaldTrump is going to win the black amp latino votes"
"349","RT DanScavino RealBenCarson speaks in New Hampshire amp introduces our next POTUS realDonaldTrump TrumpTrain MAGA USAhttpstco"
"350","RT DanScavino RealBenCarson speaks in New Hampshire amp introduces our next POTUS realDonaldTrump TrumpTrain MAGA USAhttpstco"
"351","RT DanScavino RealBenCarson speaks in New Hampshire amp introduces our next POTUS realDonaldTrump TrumpTrain MAGA USAhttpstco"
"352","RT DanScavino RealBenCarson speaks in New Hampshire amp introduces our next POTUS realDonaldTrump TrumpTrain MAGA USAhttpstco"
"353","RT DanScavino RealBenCarson speaks in New Hampshire amp introduces our next POTUS realDonaldTrump TrumpTrain MAGA USAhttpstco"
"354","RT pastormarkburns On TrumpForceOne last night with our next POTUS realDonaldTrump With DanScavino amp Steve TrumpTrain httpst"
"355","Start with a MarxistMuslim upbringing amp an intense hatred of the USA Our POTUS Enlist at httpstcouGzmRAHXhttpstcoNEKVFRNj"
"356","RT pastormarkburns On TrumpForceOne last night with our next POTUS realDonaldTrump With DanScavino amp Steve TrumpTrain httpst"
"357","RT DanScavino RealBenCarson speaks in New Hampshire amp introduces our next POTUS realDonaldTrump TrumpTrain MAGA USAhttpstco"
"358","RT DanScavino RealBenCarson speaks in New Hampshire amp introduces our next POTUS realDonaldTrump TrumpTrain MAGA USAhttpstco"
"359","Well there you go No credibility gop Republicans hillary hrc clinton Trump nevertrump neverhillary potus httpstcoCrAuYTN"
"360","RT DanScavino RealBenCarson speaks in New Hampshire amp introduces our next POTUS realDonaldTrump TrumpTrain MAGA USAhttpstco"
"361","RT DanScavino RealBenCarson speaks in New Hampshire amp introduces our next POTUS realDonaldTrump TrumpTrain MAGA USAhttpstco"
"362","RT pastormarkburns On TrumpForceOne last night with our next POTUS realDonaldTrump With DanScavino amp Steve TrumpTrain httpst"
"363","RT librarycongress New online POTUS Zachary Taylor joins our collections of presidential papers httpstcolFJXUbotd httpstcojf"
"364","RT pastormarkburns On TrumpForceOne last night with our next POTUS realDonaldTrump With DanScavino amp Steve TrumpTrain httpst"
"365","RTdWhiteHouseNatlParkServicei may be the SOLE in POTUS supporterseager Hes no more POTUS TimetoWrite"
"366","RT pastormarkburns On TrumpForceOne last night with our next POTUS realDonaldTrump With DanScavino amp Steve TrumpTrain httpst"
"367","RT DanScavino RealBenCarson speaks in New Hampshire amp introduces our next POTUS realDonaldTrump TrumpTrain MAGA USAhttpstco"
"368","RT DanScavino RealBenCarson speaks in New Hampshire amp introduces our next POTUS realDonaldTrump TrumpTrain MAGA USAhttpstco"
"369","RT pastormarkburns On TrumpForceOne last night with our next POTUS realDonaldTrump With DanScavino amp Steve TrumpTrain httpst"
"370","RT pastormarkburns On TrumpForceOne last night with our next POTUS realDonaldTrump With DanScavino amp Steve TrumpTrain httpst"
"371","I wish the POTUS candidates would stop worrying about the other and start focusing on their own flawed campaigns"
"372","RT DanScavino RealBenCarson speaks in New Hampshire amp introduces our next POTUS realDonaldTrump TrumpTrain MAGA USAhttpstco"
"373","realDonaldTrump HillaryClinton promise to keep the peace and truly unite the states of America regardless of who becomes the next POTUS"
"374","RT DanScavino RealBenCarson speaks in New Hampshire amp introduces our next POTUS realDonaldTrump TrumpTrain MAGA USAhttpstco"
"375","RT DanScavino RealBenCarson speaks in New Hampshire amp introduces our next POTUS realDonaldTrump TrumpTrain MAGA USAhttpstco"
"376","RT DanScavino RealBenCarson speaks in New Hampshire amp introduces our next POTUS realDonaldTrump TrumpTrain MAGA USAhttpstco"
"377","RT DanScavino RealBenCarson speaks in New Hampshire amp introduces our next POTUS realDonaldTrump TrumpTrain MAGA USAhttpstco"
"378","RT DanScavino RealBenCarson speaks in New Hampshire amp introduces our next POTUS realDonaldTrump TrumpTrain MAGA USAhttpstco"
"379","RT oceanbcake The handpicked Marxist POTUS may have destroyed America ENLIST with us at httpstcouGzmRAZxUH Patriots onlyhttps"
"380","chuckwoolery When a swimming jock is held more responsible for lies than the future possible potus cnn NBCNews FoxNews NOT doing job"
"381","And  of voters want him to be POTUSWhat kind of stuff will he make up as POTUSTrumpisajoke insane  httpstcoPmWbKVxKLg"
"382","RT DanScavino RealBenCarson speaks in New Hampshire amp introduces our next POTUS realDonaldTrump TrumpTrain MAGA USAhttpstco"
"383","RT DanScavino RealBenCarson speaks in New Hampshire amp introduces our next POTUS realDonaldTrump TrumpTrain MAGA USAhttpstco"
"384","RT pastormarkburns On TrumpForceOne last night with our next POTUS realDonaldTrump With DanScavino amp Steve TrumpTrain httpst"
"385","realDonaldTrump You still want to be POTUS DonaldDreamOn"
"386","RT DanScavino RealBenCarson speaks in New Hampshire amp introduces our next POTUS realDonaldTrump TrumpTrain MAGA USAhttpstco"
"387","RT DanScavino RealBenCarson speaks in New Hampshire amp introduces our next POTUS realDonaldTrump TrumpTrain MAGA USAhttpstco"
"388","RT DanScavino RealBenCarson speaks in New Hampshire amp introduces our next POTUS realDonaldTrump TrumpTrain MAGA USAhttpstco"
"389","RT DanScavino RealBenCarson speaks in New Hampshire amp introduces our next POTUS realDonaldTrump TrumpTrain MAGA USAhttpstco"
"390","RT DanScavino RealBenCarson speaks in New Hampshire amp introduces our next POTUS realDonaldTrump TrumpTrain MAGA USAhttpstco"
"391","RT DanScavino RealBenCarson speaks in New Hampshire amp introduces our next POTUS realDonaldTrump TrumpTrain MAGA USAhttpstco"
"392","RT pastormarkburns On TrumpForceOne last night with our next POTUS realDonaldTrump With DanScavino amp Steve TrumpTrain httpst"
"393","RT librarycongress New online POTUS Zachary Taylor joins our collections of presidential papers httpstcolFJXUbotd httpstcojf"
"394","RT DanScavino RealBenCarson speaks in New Hampshire amp introduces our next POTUS realDonaldTrump TrumpTrain MAGA USAhttpstco"
"395","RT librarycongress New online POTUS Zachary Taylor joins our collections of presidential papers httpstcolFJXUbotd httpstcojf"
"396","RT pastormarkburns On TrumpForceOne last night with our next POTUS realDonaldTrump With DanScavino amp Steve TrumpTrain httpst"
"397","RT DanScavino RealBenCarson speaks in New Hampshire amp introduces our next POTUS realDonaldTrump TrumpTrain MAGA USAhttpstco"
"398","librarycongress  New online POTUS Zachary Taylor joins our collections of presidential  httpstcoeXdMobJYBd httpstcoKffeyOgUW"
"399","RT DanScavino RealBenCarson speaks in New Hampshire amp introduces our next POTUS realDonaldTrump TrumpTrain MAGA USAhttpstco"
"400","DonaldTrump is soooooooooooooo so STUPID Trump Immigration     latinos HILLARY will make sure realDonaldtrump will never be POTUS GOP"
"401","RT pastormarkburns On TrumpForceOne last night with our next POTUS realDonaldTrump With DanScavino amp Steve TrumpTrain httpst"
"402","RT pastormarkburns On TrumpForceOne last night with our next POTUS realDonaldTrump With DanScavino amp Steve TrumpTrain httpst"
"403","RT DanScavino RealBenCarson speaks in New Hampshire amp introduces our next POTUS realDonaldTrump TrumpTrain MAGA USAhttpstco"
"404","RT DanScavino RealBenCarson speaks in New Hampshire amp introduces our next POTUS realDonaldTrump TrumpTrain MAGA USAhttpstco"
"405","RT DanScavino RealBenCarson speaks in New Hampshire amp introduces our next POTUS realDonaldTrump TrumpTrain MAGA USAhttpstco"
"406","RT DanScavino RealBenCarson speaks in New Hampshire amp introduces our next POTUS realDonaldTrump TrumpTrain MAGA USAhttpstco"
"407","The handpicked Marxist POTUS may have destroyed America ENLIST with us at httpstcouGzmRAZxUH Patriots onlyhttpstcoDgrroPZUk"
"408","RT pastormarkburns On TrumpForceOne last night with our next POTUS realDonaldTrump With DanScavino amp Steve TrumpTrain httpst"
"409","RT librarycongress New online POTUS Zachary Taylor joins our collections of presidential papers httpstcolFJXUbotd httpstcojf"
"410","Have you checked out the POTUS online collection from the LOC They just added papers from Zachary Taylor httpstcoGrzKltWpz"
"411","How can HillaryClinton call realDonaldTrump names when shes the biggest fraud and liar to ever run for POTUS Shes a disgrace to USA"
"412","RT librarycongress New online POTUS Zachary Taylor joins our collections of presidential papers httpstcolFJXUbotd httpstcojf"
"413","RT pastormarkburns On TrumpForceOne last night with our next POTUS realDonaldTrump With DanScavino amp Steve TrumpTrain httpst"
"414","RT librarycongress New online POTUS Zachary Taylor joins our collections of presidential papers httpstcolFJXUbotd httpstcojf"
"415","RT DanScavino RealBenCarson speaks in New Hampshire amp introduces our next POTUS realDonaldTrump TrumpTrain MAGA USAhttpstco"
"416","RT DanScavino RealBenCarson speaks in New Hampshire amp introduces our next POTUS realDonaldTrump TrumpTrain MAGA USAhttpstco"
"417","RT DanScavino RealBenCarson speaks in New Hampshire amp introduces our next POTUS realDonaldTrump TrumpTrain MAGA USAhttpstco"
"418","Ì†ΩÌ≥∞ Bruh  of voters say Barack Obama is attractive Ì†ΩÌ∏ç  POTUS httpstcorfTbstieL httpstcoHoQPPHx"
"419","RT DanScavino RealBenCarson speaks in New Hampshire amp introduces our next POTUS realDonaldTrump TrumpTrain MAGA USAhttpstco"
"420","RT librarycongress New online POTUS Zachary Taylor joins our collections of presidential papers httpstcolFJXUbotd httpstcojf"
"421","RT DanScavino RealBenCarson speaks in New Hampshire amp introduces our next POTUS realDonaldTrump TrumpTrain MAGA USAhttpstco"
"422","RT pastormarkburns On TrumpForceOne last night with our next POTUS realDonaldTrump With DanScavino amp Steve TrumpTrain httpst"
"423","RT DanScavino RealBenCarson speaks in New Hampshire amp introduces our next POTUS realDonaldTrump TrumpTrain MAGA USAhttpstco"
"424","FoxNews HillaryClinton realDonaldTrump By keeping a liar amp crook like you from becoming POTUS Nice KKK ad SCUM httpstconvedneGZu"
"425","POTUS ThankYouMrPresident YourVoteYourDuty UniteBlue TurnSenateBlue TurnCongressBlue VoteBlueDownBallot httpstcooWmQWqW"
"426","RT librarycongress New online POTUS Zachary Taylor joins our collections of presidential papers httpstcolFJXUbotd httpstcojf"
"427","RT DanScavino RealBenCarson speaks in New Hampshire amp introduces our next POTUS realDonaldTrump TrumpTrain MAGA USAhttpstco"
"428","New online POTUS Zachary Taylor joins our collections of presidential papers httpstcolFJXUbotd httpstcojfegnCFGG"
"429","RT DanScavino RealBenCarson speaks in New Hampshire amp introduces our next POTUS realDonaldTrump TrumpTrain MAGA USAhttpstco"
"430","RT DanScavino RealBenCarson speaks in New Hampshire amp introduces our next POTUS realDonaldTrump TrumpTrain MAGA USAhttpstco"
"431","RT DanScavino RealBenCarson speaks in New Hampshire amp introduces our next POTUS realDonaldTrump TrumpTrain MAGA USAhttpstco"
"432","RT pastormarkburns On TrumpForceOne last night with our next POTUS realDonaldTrump With DanScavino amp Steve TrumpTrain httpst"
"433","RT DanScavino RealBenCarson speaks in New Hampshire amp introduces our next POTUS realDonaldTrump TrumpTrain MAGA USAhttpstco"
"434","Why isnt Hillary doing anything to StopTPP as Potus rams it to us‚ùì‚ùì httpstcowaYTEMdakD"
"435","oculus tipatat Hey this is so wrong POTUS first VirtualReality experience was with gestigon in   httpstcoXeexUs"
"436","NigelFarage Thank you for your powerful speech last night We will take America back with realDonaldTrump as our next POTUS MAGA"
"437","RT GrThingsRComin An Embarrassment pathetic potus libtard   httpstcoImExHXtY"
"438","RT DanScavino RealBenCarson speaks in New Hampshire amp introduces our next POTUS realDonaldTrump TrumpTrain MAGA USAhttpstco"
"439","RT DanScavino RealBenCarson speaks in New Hampshire amp introduces our next POTUS realDonaldTrump TrumpTrain MAGA USAhttpstco"
"440","RT andersonDrLJA NO COMPANY WOULD HIRE HILLARY AS THEIR CEO THEN WHY WOULD WE CHOOSE HER AS POTUS NeverHillary HillaryJail https"
"441","RT RealDJTrumpTeam If the Clintons have to dismantle the ClintonFoundation to be compliant for potential POTUS what HAS been going"
"442","RT DanScavino RealBenCarson speaks in New Hampshire amp introduces our next POTUS realDonaldTrump TrumpTrain MAGA USAhttpstco"
"443","RT DanScavino RealBenCarson speaks in New Hampshire amp introduces our next POTUS realDonaldTrump TrumpTrain MAGA USAhttpstco"
"444","PlacedeBastille AltRightMeans Official bingo sheet for ALL of HillaryClintons bigoted speeches httpstcoxFTzRzYvi MAGA Potus"
"445","RT pastormarkburns On TrumpForceOne last night with our next POTUS realDonaldTrump With DanScavino amp Steve TrumpTrain httpst"
"446","RT DanScavino RealBenCarson speaks in New Hampshire amp introduces our next POTUS realDonaldTrump TrumpTrain MAGA USAhttpstco"
"447","RT LelandYoshitsu President Obamas SECRET CRIMES httpstcotobXLHZNj   httpstcohzSQUcyA  httpstcoHzsQT  POTUS ht"
"448","RT DanScavino RealBenCarson speaks in New Hampshire amp introduces our next POTUS realDonaldTrump TrumpTrain MAGA USAhttpstco"
"449","RT DanScavino RealBenCarson speaks in New Hampshire amp introduces our next POTUS realDonaldTrump TrumpTrain MAGA USAhttpstco"
"450","RT DanScavino RealBenCarson speaks in New Hampshire amp introduces our next POTUS realDonaldTrump TrumpTrain MAGA USAhttpstco"
"451","RT DanScavino RealBenCarson speaks in New Hampshire amp introduces our next POTUS realDonaldTrump TrumpTrain MAGA USAhttpstco"
"452","RT pastormarkburns On TrumpForceOne last night with our next POTUS realDonaldTrump With DanScavino amp Steve TrumpTrain httpst"
"453","RT muchmoresalt DanScavino RealBenCarson speaks in New Hampshire amp introduces our next POTUS realDonaldTrump TrumpTrain MAG https"
"454","RT DanScavino RealBenCarson speaks in New Hampshire amp introduces our next POTUS realDonaldTrump TrumpTrain MAGA USAhttpstco"
"455","RT DanScavino RealBenCarson speaks in New Hampshire amp introduces our next POTUS realDonaldTrump TrumpTrain MAGA USAhttpstco"
"456","RT DanScavino RealBenCarson speaks in New Hampshire amp introduces our next POTUS realDonaldTrump TrumpTrain MAGA USAhttpstco"
"457","RT DanScavino RealBenCarson speaks in New Hampshire amp introduces our next POTUS realDonaldTrump TrumpTrain MAGA USAhttpstco"
"458","RT DanScavino RealBenCarson speaks in New Hampshire amp introduces our next POTUS realDonaldTrump TrumpTrain MAGA USAhttpstco"
"459","RT DanScavino RealBenCarson speaks in New Hampshire amp introduces our next POTUS realDonaldTrump TrumpTrain MAGA USAhttpstco"
"460","RT pastormarkburns On TrumpForceOne last night with our next POTUS realDonaldTrump With DanScavino amp Steve TrumpTrain httpst"
"461","RT pastormarkburns On TrumpForceOne last night with our next POTUS realDonaldTrump With DanScavino amp Steve TrumpTrain httpst"
"462","RT DanScavino RealBenCarson speaks in New Hampshire amp introduces our next POTUS realDonaldTrump TrumpTrain MAGA USAhttpstco"
"463","RT BSUSuccess ThursdayThoughts to celebrate a new semester courtesy of of a former POTUS Ì†ΩÌ≤´ Ì†ΩÌ±äDaringGreatly BoiseState httpstcob"
"464","RT pastormarkburns On TrumpForceOne last night with our next POTUS realDonaldTrump With DanScavino amp Steve TrumpTrain httpst"
"465","RT DanScavino RealBenCarson speaks in New Hampshire amp introduces our next POTUS realDonaldTrump TrumpTrain MAGA USAhttpstco"
"466","RT PeebsY Trump says there will never be another Black President because Obama failedGWBush is why we wont have another WhiteM"
"467","RT DanScavino RealBenCarson speaks in New Hampshire amp introduces our next POTUS realDonaldTrump TrumpTrain MAGA USAhttpstco"
"468","RT DanScavino RealBenCarson speaks in New Hampshire amp introduces our next POTUS realDonaldTrump TrumpTrain MAGA USAhttpstco"
"469","RT DanScavino RealBenCarson speaks in New Hampshire amp introduces our next POTUS realDonaldTrump TrumpTrain MAGA USAhttpstco"
"470","RT DanScavino RealBenCarson speaks in New Hampshire amp introduces our next POTUS realDonaldTrump TrumpTrain MAGA USAhttpstco"
"471","RT DanScavino RealBenCarson speaks in New Hampshire amp introduces our next POTUS realDonaldTrump TrumpTrain MAGA USAhttpstco"
"472","RT DanScavino RealBenCarson speaks in New Hampshire amp introduces our next POTUS realDonaldTrump TrumpTrain MAGA USAhttpstco"
"473","RT DanScavino RealBenCarson speaks in New Hampshire amp introduces our next POTUS realDonaldTrump TrumpTrain MAGA USAhttpstco"
"474","AltRightMeans being openly embraced by the current GOP nominee for POTUS httpstcogeFxxhFuIv"
"475","RT DanScavino RealBenCarson speaks in New Hampshire amp introduces our next POTUS realDonaldTrump TrumpTrain MAGA USAhttpstco"
"476","RT DanScavino RealBenCarson speaks in New Hampshire amp introduces our next POTUS realDonaldTrump TrumpTrain MAGA USAhttpstco"
"477","RT DanScavino RealBenCarson speaks in New Hampshire amp introduces our next POTUS realDonaldTrump TrumpTrain MAGA USAhttpstco"
"478","RT DanScavino RealBenCarson speaks in New Hampshire amp introduces our next POTUS realDonaldTrump TrumpTrain MAGA USAhttpstco"
"479","RT DanScavino RealBenCarson speaks in New Hampshire amp introduces our next POTUS realDonaldTrump TrumpTrain MAGA USAhttpstco"
"480","RT pastormarkburns On TrumpForceOne last night with our next POTUS realDonaldTrump With DanScavino amp Steve TrumpTrain httpst"
"481","RT DanScavino RealBenCarson speaks in New Hampshire amp introduces our next POTUS realDonaldTrump TrumpTrain MAGA USAhttpstco"
"482","RT DanScavino RealBenCarson speaks in New Hampshire amp introduces our next POTUS realDonaldTrump TrumpTrain MAGA USAhttpstco"
"483","RT pastormarkburns On TrumpForceOne last night with our next POTUS realDonaldTrump With DanScavino amp Steve TrumpTrain httpst"
"484","RT DanScavino RealBenCarson speaks in New Hampshire amp introduces our next POTUS realDonaldTrump TrumpTrain MAGA USAhttpstco"
"485","Trump says there will never be another Black President because Obama failedGWBush is why we wont have another WhiteMan as POTUS"
"486","RT DanScavino RealBenCarson speaks in New Hampshire amp introduces our next POTUS realDonaldTrump TrumpTrain MAGA USAhttpstco"
"487","RT DanScavino RealBenCarson speaks in New Hampshire amp introduces our next POTUS realDonaldTrump TrumpTrain MAGA USAhttpstco"
"488","RealBenCarson speaks in New Hampshire amp introduces our next POTUS realDonaldTrump TrumpTrain MAGA USAhttpstcoucrizPNsvQo"
"489","RT LVNancy Puff Puff PASS Ì†ΩÌ∫¨Ì†ºÌº¨ its ok shell stop accepting foreign donations once shes POTUS CrookedHillaryTrumpPencehttpst"
"490","RT DanScavino RealBenCarson speaks in New Hampshire amp introduces our next POTUS realDonaldTrump TrumpTrain MAGA USAhttpstco"
"491","RT DanScavino RealBenCarson speaks in New Hampshire amp introduces our next POTUS realDonaldTrump TrumpTrain MAGA USAhttpstco"
"492","RT DanScavino RealBenCarson speaks in New Hampshire amp introduces our next POTUS realDonaldTrump TrumpTrain MAGA USAhttpstco"
"493","RT pastormarkburns On TrumpForceOne last night with our next POTUS realDonaldTrump With DanScavino amp Steve TrumpTrain httpst"
"494","RT DanScavino RealBenCarson speaks in New Hampshire amp introduces our next POTUS realDonaldTrump TrumpTrain MAGA USAhttpstco"
"495","RT DanScavino RealBenCarson speaks in New Hampshire amp introduces our next POTUS realDonaldTrump TrumpTrain MAGA USAhttpstco"
"496","RT pastormarkburns On TrumpForceOne last night with our next POTUS realDonaldTrump With DanScavino amp Steve TrumpTrain httpst"
"497","RT DanScavino RealBenCarson speaks in New Hampshire amp introduces our next POTUS realDonaldTrump TrumpTrain MAGA USAhttpstco"
"498","RT DanScavino RealBenCarson speaks in New Hampshire amp introduces our next POTUS realDonaldTrump TrumpTrain MAGA USAhttpstco"
"499","RT DanScavino RealBenCarson speaks in New Hampshire amp introduces our next POTUS realDonaldTrump TrumpTrain MAGA USAhttpstco"
"500","If shes as healthy as she claimsAnyone needing this much pampering has no business as POTUS SickHillary Pathetic httpstcolHVGTGHXpF"
